nome;cultura;saco;preco
MEGATHYRSUS MAXIMUS ARUANA SBS PRO GRAFITADA VC80 1000KG;Pecuária;1000 kg;0
MEGATHYRSUS MAXIMUS ARUANA SBS PRO GRAFITADA VC80 10KG;Pecuária;10 kg;0
MEGATHYRSUS MAXIMUS ARUANA SBS PRO GRAFITADA VC80 500KG;Pecuária;500 kg;0
MEGATHYRSUS MAXIMUS CV ARUANA GRAFITADA 10KG;Pecuária;10 kg;0
UROCHLOA DECUMBENS BASILISK SBS PRO GRAFITADA VC80 1000KG;Pecuária;1000 kg;0
UROCHLOA DECUMBENS BASILISK SBS PRO GRAFITADA VC80 10KG;Pecuária;10 kg;0
UROCHLOA DECUMBENS BASILISK SBS PRO GRAFITADA VC80 500KG;Pecuária;500 kg;0
UROCHLOA DECUMBENS CV BASILISK GRAFITADA 10KG;Pecuária;10 kg;0
UROCHLOA RUZIZIENSIS BRS INTEGRA SBS PRO GRAFITADA VC80 1000KG;Pecuária;1000 kg;0
UROCHLOA RUZIZIENSIS BRS INTEGRA SBS PRO GRAFITADA VC80 10KG;Pecuária;10 kg;0
UROCHLOA RUZIZIENSIS BRS INTEGRA SBS PRO GRAFITADA VC80 500KG;Pecuária;500 kg;0
UROCHLOA BRIZANTHA BRS PAIAGUAS SBS PRO GRAFITADA VC80 1000KG;Pecuária;1000 kg;0
UROCHLOA BRIZANTHA BRS PAIAGUAS SBS PRO GRAFITADA VC80 10KG;Pecuária;10 kg;0
UROCHLOA BRIZANTHA BRS PAIAGUAS SBS PRO GRAFITADA VC80 500KG;Pecuária;500 kg;0
UROCHLOA BRIZANTHA CV BRS PAIAGUAS GRAFITADA 10KG;Pecuária;10 kg;0
UROCHLOA BRIZANTHA CV BRS PAIAGUAS GRAFITADA 500KG;Pecuária;500 kg;0
B. BRIZANTHA CV PIATA PRO 95;Pecuária;—;0
UROCHLOA BRIZANTHA BRS PIATA SBS PRO GRAFITADA VC80 1000KG;Pecuária;1000 kg;0
UROCHLOA BRIZANTHA BRS PIATA SBS PRO GRAFITADA VC80 10KG;Pecuária;10 kg;0
UROCHLOA BRIZANTHA BRS PIATA SBS PRO GRAFITADA VC80 500KG;Pecuária;500 kg;0
UROCHLOA BRIZANTHA CV BRS PIATA GRAFITADA 10KG;Pecuária;10 kg;0
UROCHLOA BRIZANTHA CV BRS PIATA GRAFITADA 500KG;Pecuária;500 kg;0
MEGATHYRSUS MAXIMUS BRS TAMANI SBS PRO GRAFITADA VC80 1000KG;Pecuária;1000 kg;0
MEGATHYRSUS MAXIMUS BRS TAMANI SBS PRO GRAFITADA VC80 10KG;Pecuária;10 kg;0
MEGATHYRSUS MAXIMUS BRS TAMANI SBS PRO GRAFITADA VC80 500KG;Pecuária;500 kg;0
MEGATHYRSUS MAXIMUS CV BRS TAMANI GRAFITADA 10KG;Pecuária;10 kg;0
MEGATHYRSUS MAXIMUS BRS ZURI SBS PRO GRAFITADA VC80 1000KG;Pecuária;1000 kg;0
MEGATHYRSUS MAXIMUS BRS ZURI SBS PRO GRAFITADA VC80 10KG;Pecuária;10 kg;0
MEGATHYRSUS MAXIMUS BRS ZURI SBS PRO GRAFITADA VC80 500KG;Pecuária;500 kg;0
MEGATHYRSUS MAXIMUS CV BRS ZURI GRAFITADA 10KG;Pecuária;10 kg;0
UROCHLOA HUMIDICOLA CV HUMIDICOLA GRAFITADA 10KG;Pecuária;10 kg;0
UROCHLOA HUMIDICOLA HUMIDICOLA SBS PRO GRAFITADA VC80 1000KG;Pecuária;1000 kg;0
UROCHLOA HUMIDICOLA HUMIDICOLA SBS PRO GRAFITADA VC80 10KG;Pecuária;10 kg;0
UROCHLOA HUMIDICOLA HUMIDICOLA SBS PRO GRAFITADA VC80 500KG;Pecuária;500 kg;0
UROCHLOA BRIZANTHA BRS RB331 IPYPORA SBS PRO GRAFITADA VC80 1000KG;Pecuária;1000 kg;0
UROCHLOA BRIZANTHA BRS RB331 IPYPORA SBS PRO GRAFITADA VC80 10KG;Pecuária;10 kg;0
UROCHLOA BRIZANTHA BRS RB331 IPYPORA SBS PRO GRAFITADA VC80 500KG;Pecuária;500 kg;0
UROCHLOA BRIZANTHA CV BRS RB331 IPYPORA GRAFITADA 10KG;Pecuária;10 kg;0
UROCHLOA HUMIDICOLA CV LLANERO GRAFITADA 10KG;Pecuária;10 kg;0
UROCHLOA HUMIDICOLA LLANERO SBS PRO GRAFITADA VC80 1000KG;Pecuária;1000 kg;0
UROCHLOA HUMIDICOLA LLANERO SBS PRO GRAFITADA VC80 10KG;Pecuária;10 kg;0
UROCHLOA HUMIDICOLA LLANERO SBS PRO GRAFITADA VC80 500KG;Pecuária;500 kg;0
UROCHLOA BRIZANTHA CV MARANDU GRAFITADA 10KG;Pecuária;10 kg;0
UROCHLOA BRIZANTHA CV MARANDU GRAFITADA 500KG;Pecuária;500 kg;0
UROCHLOA BRIZANTHA CV MARANDU PRO 95;Pecuária;—;0
UROCHLOA BRIZANTHA MARANDU SBS PRO GRAFITADA VC80 1000KG;Pecuária;1000 kg;0
UROCHLOA BRIZANTHA MARANDU SBS PRO GRAFITADA VC80 10KG;Pecuária;10 kg;0
UROCHLOA BRIZANTHA MARANDU SBS PRO GRAFITADA VC80 500KG;Pecuária;500 kg;0
MEGATHYRSUS MAXIMUS CV MASSAI GRAFITADA 10KG;Pecuária;10 kg;0
MEGATHYRSUS MAXIMUS CV MASSAI GRAFITADA 500KG;Pecuária;500 kg;0
MEGATHYRSUS MAXIMUS MASSAI SBS PRO GRAFITADA VC80 1000KG;Pecuária;1000 kg;0
MEGATHYRSUS MAXIMUS MASSAI SBS PRO GRAFITADA VC80 10KG;Pecuária;10 kg;0
MEGATHYRSUS MAXIMUS MASSAI SBS PRO GRAFITADA VC80 500KG;Pecuária;500 kg;0
UROCHLOA BRIZANTHA CV MG-4 GRAFITADA 10KG;Pecuária;10 kg;0
UROCHLOA BRIZANTHA MG-4 SBS PRO GRAFITADA VC80 1000KG;Pecuária;1000 kg;0
UROCHLOA BRIZANTHA MG-4 SBS PRO GRAFITADA VC80 10KG;Pecuária;10 kg;0
UROCHLOA BRIZANTHA MG-4 SBS PRO GRAFITADA VC80 500KG;Pecuária;500 kg;0
UROCHLOA BRIZANTHA CV MG-5 GRAFITADA 10KG;Pecuária;10 kg;0
UROCHLOA BRIZANTHA MG-5 SBS PRO GRAFITADA VC80 1000KG;Pecuária;1000 kg;0
UROCHLOA BRIZANTHA MG-5 SBS PRO GRAFITADA VC80 10KG;Pecuária;10 kg;0
UROCHLOA BRIZANTHA MG-5 SBS PRO GRAFITADA VC80 500KG;Pecuária;500 kg;0
MEGATHYRSUS MAXIMUS CV MIYAGUI GRAFITADA 10KG;Pecuária;10 kg;0
MEGATHYRSUS MAXIMUS MIYAGUI SBS PRO GRAFITADA VC80 1000KG;Pecuária;1000 kg;0
MEGATHYRSUS MAXIMUS MIYAGUI SBS PRO GRAFITADA VC80 10KG;Pecuária;10 kg;0
MEGATHYRSUS MAXIMUS MIYAGUI SBS PRO GRAFITADA VC80 500KG;Pecuária;500 kg;0
MEGATHYRSUS MAXIMUS CV MOMBAÇA GRAFITADA 10KG;Pecuária;10 kg;0
MEGATHYRSUS MAXIMUS MOMBAÇA SBS PRO GRAFITADA VC80 1000KG;Pecuária;1000 kg;0
MEGATHYRSUS MAXIMUS MOMBAÇA SBS PRO GRAFITADA VC80 10KG;Pecuária;10 kg;0
MEGATHYRSUS MAXIMUS MOMBAÇA SBS PRO GRAFITADA VC80 500KG;Pecuária;500 kg;0
MEGATHYRSUS MAXIMUS CV MOMBACA GRAFITADA 10KG;Pecuária;10 kg;0
MEGATHYRSUS MAXIMUS MOMBACA SBS PRO GRAFITADA VC80 1000KG;Pecuária;1000 kg;0
MEGATHYRSUS MAXIMUS MOMBACA SBS PRO GRAFITADA VC80 10KG;Pecuária;10 kg;0
MEGATHYRSUS MAXIMUS MOMBACA SBS PRO GRAFITADA VC80 500KG;Pecuária;500 kg;0
MEGATHYRSUS MAXIMUS BRS QUENIA SBS PRO GRAFITADA VC80 1000KG;Pecuária;1000 kg;0
MEGATHYRSUS MAXIMUS BRS QUENIA SBS PRO GRAFITADA VC80 10KG;Pecuária;10 kg;0
MEGATHYRSUS MAXIMUS BRS QUENIA SBS PRO GRAFITADA VC80 500KG;Pecuária;500 kg;0
B. RUZIZIENSIS PROMAX;Agricultura;—;0
SEM. RUZIZIENSIS PROMAX BG 500KG;Agricultura;500 kg;0
UROCHLOA RUZIIENSIS CV RUZIZIENSIS GRAFITADA - (P) 10KG;Agricultura;10 kg;0
UROCHLOA RUZIIENSIS CV RUZIZIENSIS GRAFITADA - TRATADA - 10KG;Agricultura;10 kg;0
UROCHLOA RUZIIENSIS CV RUZIZIENSIS GRAFITADA (P) 10 KG;Agricultura;10 kg;0
UROCHLOA RUZIIENSIS CV RUZIZIENSIS GRAFITADA (P) 500KG;Agricultura;500 kg;0
UROCHLOA RUZIIENSIS CV RUZIZIENSIS GRAFITADA 10KG;Agricultura;10 kg;0
UROCHLOA RUZIIENSIS CV RUZIZIENSIS GRAFITADA 500KG;Agricultura;500 kg;0
UROCHLOA RUZIZIENSIS RUZIZIENSIS SBS PRO GRAFITADA VC80 1000KG;Agricultura;1000 kg;0
UROCHLOA RUZIZIENSIS RUZIZIENSIS SBS PRO GRAFITADA VC80 10KG;Agricultura;10 kg;0
UROCHLOA RUZIZIENSIS RUZIZIENSIS SBS PRO GRAFITADA VC80 500KG;Agricultura;500 kg;0
UROCHLOA RUZIZIENSIS RUZIZIENSIS SBS PRO GRAFITADA TRATADA VC80 10KG;Agricultura;10 kg;0
MEGATHYRSUS MAXIMUS CV TANZANIA-1 GRAFITADA 10KG;Pecuária;10 kg;0
MEGATHYRSUS MAXIMUS TANZANIA-1 SBS PRO GRAFITADA VC80 1000KG;Pecuária;1000 kg;0
MEGATHYRSUS MAXIMUS TANZANIA-1 SBS PRO GRAFITADA VC80 10KG;Pecuária;10 kg;0
MEGATHYRSUS MAXIMUS TANZANIA-1 SBS PRO GRAFITADA VC80 500KG;Pecuária;500 kg;0
MEGATHYRSUS MAXIMUS CV ARUANA NOBRE INCRUSTADA 10KG;Pecuária;10 kg;0
MEGATHYRSUS MAXIMUS CV ARUANA NOBRE INCRUSTADA 12KG;Pecuária;12 kg;0
UROCHLOA DECUMBENS CV BASILISK NOBRE INCRUSTADA 10KG;Pecuária;10 kg;0
UROCHLOA DECUMBENS CV BASILISK NOBRE INCRUSTADA 12KG;Pecuária;12 kg;0
UROCHLOA RUZIZIENSIS CV BRS INTEGRA NOBRE INCRUSTADA 10KG;Pecuária;10 kg;0
UROCHLOA BRIZANTHA CV BRS PAIAGUAS NOBRE INCRUSTADA 10KG;Pecuária;10 kg;0
UROCHLOA BRIZANTHA CV BRS PAIAGUAS NOBRE INCRUSTADA 12KG;Pecuária;12 kg;0
UROCHLOA BRIZANTHA CV BRS PIATA NOBRE INCRUSTADA 10KG;Pecuária;10 kg;0
UROCHLOA BRIZANTHA CV BRS PIATA NOBRE INCRUSTADA 12KG;Pecuária;12 kg;0
UROCHLOA BRIZANTHA CV BRS PIATA NOBRE INCRUSTADA 500KG;Pecuária;500 kg;0
MEGATHYRSUS MAXIMUS CV BRS TAMANI NOBRE INCRUSTADA 10KG;Pecuária;10 kg;0
MEGATHYRSUS MAXIMUS CV BRS TAMANI NOBRE INCRUSTADA 12KG;Pecuária;12 kg;0
MEGATHYRSUS MAXIMUS CV BRS ZURI NOBRE INCRUSTADA 10KG;Pecuária;10 kg;0
MEGATHYRSUS MAXIMUS CV BRS ZURI NOBRE INCRUSTADA 12KG;Pecuária;12 kg;0
MEGATHYRSUS MAXIMUS CV BRS ZURI NOBRE INCRUSTADA 20KG;Pecuária;20 kg;0
DUNAMIS (MIXE LNN 56) NOBRE INCRUSTADA  20KG;Agricultura;20 kg;0
UROCHLOA HUMIDICOLA CV HUMIDICOLA NOBRE INCRUSTADA 10KG;Pecuária;10 kg;0
UROCHLOA HUMIDICOLA CV HUMIDICOLA NOBRE INCRUSTADA 12KG;Pecuária;12 kg;0
UROCHLOA BRIZANTHA CV BRS RB331 IPYPORA NOBRE INCRUSTADA 10KG;Pecuária;10 kg;0
UROCHLOA HUMIDICOLA CV LLANERO NOBRE INCRUSTADA 10KG;Pecuária;10 kg;0
UROCHLOA HUMIDICOLA CV LLANERO NOBRE INCRUSTADA 12KG;Pecuária;12 kg;0
UROCHLOA BRIZANTHA CV MARANDU NOBRE INCRUSTADA 10KG;Pecuária;10 kg;0
UROCHLOA BRIZANTHA CV MARANDU NOBRE INCRUSTADA 12KG;Pecuária;12 kg;0
MEGATHYRSUS MAXIMUS CV MASSAI NOBRE INCRUSTADA 10KG;Pecuária;10 kg;0
MEGATHYRSUS MAXIMUS CV MASSAI NOBRE INCRUSTADA 12KG;Pecuária;12 kg;0
UROCHLOA BRIZANTHA CV MG-4 NOBRE INCRUSTADA 10KG;Pecuária;10 kg;0
UROCHLOA BRIZANTHA CV MG-5 NOBRE INCRUSTADA 10KG;Pecuária;10 kg;0
UROCHLOA BRIZANTHA CV MG-5 NOBRE INCRUSTADA 12KG;Pecuária;12 kg;0
MEGATHYRSUS MAXIMUS CV MIYAGUI NOBRE INCRUSTADA 10KG;Pecuária;10 kg;0
MEGATHYRSUS MAXIMUS CV MIYAGUI NOBRE INCRUSTADA 12KG;Pecuária;12 kg;0
MEGATHYRSUS MAXIMUS CV MOMBAÇA NOBRE INCRUSTADA 10KG;Pecuária;10 kg;0
MEGATHYRSUS MAXIMUS CV MOMBAÇA NOBRE INCRUSTADA 12KG;Pecuária;12 kg;0
MEGATHYRSUS MAXIMUS CV MOMBACA NOBRE INCRUSTADA 10KG;Pecuária;10 kg;0
MEGATHYRSUS MAXIMUS CV MOMBACA NOBRE INCRUSTADA 12KG;Pecuária;12 kg;0
MEGATHYRSUS MAXIMUS CV QUENIA NOBRE INCRUSTADA 10KG;Pecuária;10 kg;0
UROCHLOA RUZIZIENSIS CV RUZIZIENSIS NOBRE INCRUSTADA 10KG;Agricultura;10 kg;0
UROCHLOA RUZIZIENSIS CV RUZIZIENSIS NOBRE INCRUSTADA 12KG;Agricultura;12 kg;0
UROCHLOA RUZIZIENSIS CV RUZIZIENSIS NOBRE INCRUSTADAS  1000KG;Agricultura;1000 kg;0
UROCHLOA RUZIZIENSIS CV RUZIZIENSIS NOBRE INCRUSTADAS  500KG;Agricultura;500 kg;0
UROCHLOA RUZIZIENSIS CV RUZIZIENSIS NOBRE PREMIUM 10KG;Agricultura;10 kg;0
MEGATHYRSUS MAXIMUS CV TANZANIA-1 NOBRE INCRUSTADA 10KG;Pecuária;10 kg;0
"MIX COBERTURA MILHETO, RUZIZIENSIS SBS PURA VC80 25KG";Agricultura;25 kg;0
"MIX COBERTURA RUZIZIENSIS, MILHETO, SPECTABILIS SBS PURA VC80 25KG";Agricultura;25 kg;0
MIX COBERTURA SBMIX 70/30 SBS PURA VC80 1000KG;Agricultura;1000 kg;0
MIX COBERTURA SBMIX 70/30 SBS PURA VC80 500KG;Agricultura;500 kg;0
MIX COBERTURA SBMIX CAFE SBS PURA VC80 1000KG;Agricultura;1000 kg;0
MIX COBERTURA SBMIX CAFE SBS PURA VC80 25KG;Agricultura;25 kg;0
MIX COBERTURA SBMIX CAFE SBS PURA VC80 500KG;Agricultura;500 kg;0
MIX COBERTURA SBMIX CANA SBS PURA VC80 1000KG;Agricultura;1000 kg;0
MIX COBERTURA SBMIX CANA SBS PURA VC80 25KG;Agricultura;25 kg;0
MIX COBERTURA SBMIX CANA SBS PURA VC80 500KG;Agricultura;500 kg;0
MIX COBERTURA SBMIX DESCOMPACTADOR SBS PURA VC80 1000KG;Agricultura;1000 kg;0
MIX COBERTURA SBMIX DESCOMPACTADOR SBS PURA VC80 25KG;Agricultura;25 kg;0
MIX COBERTURA SBMIX DESCOMPACTADOR SBS PURA VC80 500KG;Agricultura;500 kg;0
MIX COBERTURA SBMIX INVERNO SBS PURA VC80 1000KG;Agricultura;1000 kg;0
MIX COBERTURA SBMIX INVERNO SBS PURA VC80 500KG;Agricultura;500 kg;0
MIX COBERTURA SBMIX N SBS PURA VC80 1000KG;Agricultura;1000 kg;0
MIX COBERTURA SBMIX N SBS PURA VC80 500KG;Agricultura;500 kg;0
MIX COBERTURA SBMIX NEMATOIDE SBS PURA VC80 1000KG;Agricultura;1000 kg;0
MIX COBERTURA SBMIX NEMATOIDE SBS PURA VC80 25KG;Agricultura;25 kg;0
MIX COBERTURA SBMIX NEMATOIDE SBS PURA VC80 500KG;Agricultura;500 kg;0
MIX COBERTURA SBMIX PALHADA SBS PURA VC80 1000KG;Agricultura;1000 kg;0
MIX COBERTURA SBMIX PALHADA SBS PURA VC80 500KG;Agricultura;500 kg;0
MIX COBERTURA SBMIX PASTEJO SBS PURA VC80 1000KG;Agricultura;1000 kg;0
MISTURA DE ESPECIES BRACHIARIA RUZIZIENSIS E NABO FORRAGEIRO;Agricultura;—;0
"MISTURA DE ESPECIES DE CROTALARIA SPECTABILIS , BRACHIARIA RUZIZIENSIS E NABO FORRAGEIRO";Agricultura;—;0
"MISTURA DE ESPECIES DE CROTALARIA SPECTABILIS , NABO FORRAGEIRO E TRIGO MOURISCO 1000KG";Agricultura;1000 kg;0
"MISTURA DE ESPECIES DE CROTALARIA SPECTABILIS , NABO FORRAGEIRO E TRIGO MOURISCO 25KG";Agricultura;25 kg;0
MISTURA DE ESPECIES DE CROTALARIA SPECTABILIS E BRACHIARIA RUZIZIENSIS;Agricultura;—;0
MISTURA DE ESPECIES DE CROTALARIA SPECTABILIS E BRACHIARIA RUZIZIENSIS 500KG;Agricultura;500 kg;0
MISTURA DE ESPECIES MILHETO BRS 1501 E BRS PIATA NOBRE INCRUSTADA;Agricultura;—;0
MISTURA DE ESPECIES MILHETO BRS 1501 E MARANDU NOBRE INCRUSTADA;Agricultura;—;0
"MISTURA DE ESPECIES MILHETO BRS 1501, MARANDU NOBRE INCRUSTADA E AVEIA PRETA (AVENA STRIGOSA)";Agricultura;—;0
"MISTURA DE ESPECIES MILHETO BRS 1501, MASSAI NOBRE INCRUSTADA  25KG";Agricultura;25 kg;0
"MISTURA DE ESPECIES MILHETO BRS 1501, MASSAI NOBRE INCRUSTADA, LLANERO NOBRE INCRUSTADA 25KG";Agricultura;25 kg;0
"MISTURA DE ESPECIES MILHETO BRS1501 , CROTALARIA OCHROLEUCA E CROTALARIA SPECTABILIS 25 KG";Agricultura;25 kg;0
"MISTURA DE ESPECIES MILHETO BRS1501 , CROTALARIA SPECTABILIS E BRS PIATA";Agricultura;—;0
"MISTURA DE ESPECIES MILHETO BRS1501 ,CROTALARIA SPECTABILIS, FEIJAO GUANDU";Agricultura;—;0
"MISTURA DE ESPECIES MILHETO BRS1501 ,CROTALARIA SPECTABILIS, GUANDU E PIATA";Agricultura;—;0
MISTURA DE ESPECIES MILHETO BRS1501 E BRACHIARIA RUZIZIENSIS;Agricultura;—;0
MISTURA DE ESPECIES MILHETO BRS1501 E BRACHIARIA RUZIZIENSIS GRAFITADA;Agricultura;—;0
MISTURA DE ESPECIES MILHETO BRS1501 E CROTALARIA SPECTABILIS;Agricultura;—;0
MISTURA DE ESPECIES MILHETO BRS1501 E NABO FORRAGEIRO;Agricultura;—;0
MISTURA DE ESPECIES MILHETO BRS1501 E TRIGO MOURISCO;Agricultura;—;0
"MISTURA DE ESPECIES MILHETO BRS1501, B. RUZIZIENSIS GRAFITADA, TRIGO MOURISCO E CRAMBE ABYSSINICA";Agricultura;—;0
"MISTURA DE ESPECIES MILHETO BRS1501, B. RUZIZIENSIS, TRIGO MOURISCO E CRAMBE ABYSSINICA";Agricultura;—;0
"MISTURA DE ESPECIES MILHETO BRS1501, B.RUZIZIENSIS NOBRE, MARANDU NOBRE";Agricultura;—;0
"MISTURA DE ESPECIES MILHETO BRS1501, B.RUZIZIENSIS NOBRE, TRIGO MOURISCO, NABO FORRAGEIRO";Agricultura;—;0
"MISTURA DE ESPECIES MILHETO BRS1501, B.RUZIZIENSIS, CROT. SPECTABILIS, OCHROLEUCA E TRIGO MOURISCO";Agricultura;—;0
"MISTURA DE ESPECIES MILHETO BRS1501, B.RUZIZIENSIS, CROTALARIA SPECTABILLIS, TRIGO MOURISCO";Agricultura;—;0
"MISTURA DE ESPECIES MILHETO BRS1501, BRACHIARIA RUZIZIENSIS E CRAMBE ABYSSINICA";Agricultura;—;0
"MISTURA DE ESPECIES MILHETO BRS1501, BRACHIARIA RUZIZIENSIS E CROTALARIA SPECTABILIS";Agricultura;—;0
"MISTURA DE ESPECIES MILHETO BRS1501, BRACHIARIA RUZIZIENSIS E NABO FORRAGEIRO";Agricultura;—;0
"MISTURA DE ESPECIES MILHETO BRS1501, BRACHIARIA RUZIZIENSIS E TRIGO MOURISCO";Agricultura;—;0
"MISTURA DE ESPECIES MILHETO BRS1501, BRACHIARIA RUZIZIENSIS E TRIGO MOURISCO, NABO FORRAGEIRO";Agricultura;—;0
"MISTURA DE ESPECIES MILHETO BRS1501, BRACHIARIA RUZIZIENSIS, CROTALARIA SPECTABILIS, BRS PONTA NEGRA";Agricultura;—;0
"MISTURA DE ESPECIES MILHETO BRS1501, BRACHIARIA RUZIZIENSIS, CROTALARIA SPECTABILLIS, TRIGO MOURIS";Agricultura;—;0
"MISTURA DE ESPECIES MILHETO BRS1501, CROTALARIA OCHROLEUCA E CROTALARIA SPECTABILIS";Agricultura;—;0
"MISTURA DE ESPECIES MILHETO BRS1501, CROTALARIA SPECTABILIS, NABO FORRAGEIRO, MG-5 VC 80 25KG";Agricultura;25 kg;0
"MISTURA DE ESPECIES MILHETO BRS1501, RUZIZIENSIS NOBRE, NABO FORRAGEIRO, AVEIA PRETA";Agricultura;—;0
"MISTURA DE ESPECIES MILHETO BRS1501, RUZIZIENSIS NOBRE, SORGHUM(L) MOENCH CV BRS PONTA";Agricultura;—;0
"MISTURA DE ESPECIES MILHETO BRS1501, TRIGO MOURISCO, CRAMBE ABYSSINICA E NABO FORRAGEIRO";Agricultura;—;0
"MISTURA DE ESPECIES MILHETO BRS1501, TRIGO MOURISCO, CROTALARIA SPECTABILIS E NABO FORRAGEIRO";Agricultura;—;0
"MISTURA DE ESPECIES MILHETO BRS1501, TRIGO MOURISCO, NABO FORRAGEIRO";Agricultura;—;0
"MISTURA DE ESPECIES MILHETO BRS1501, TRIGO MOURISCO, NABO FORRAGEIRO, AVEIA PRETA (AVENA STRIGOSA)-C";Agricultura;—;0
"MISTURA DE ESPECIES MILHETO BRS1501,TRIGO MOURISCO,CROTAL. SPECTABILIS,NABO FORRAGEIRO,RUZIZIENSIS";Agricultura;—;0
"MISTURA DE ESPECIES MILHETO BRS1501,TRIGO MOURISCO,CROTALARIA SPECTABILIS, CROTALARIA OCHROLEUCA";Agricultura;—;0
"MISTURA DE ESPECIES MILHETO BRS1501,TRIGO MOURISCO,NABO FORRAGEIRO,AVEIA PRETA(AVENA STRIGOSA)-CV EM";Agricultura;—;0
"MISTURA DE ESPECIES MIYAGUI NOBRE INCRUSTADA, SORGHUM(L) MOENCH CV BRS PONTA";Agricultura;—;0
"MISTURA DE ESPECIES TRIGO MOURISCO,  AVEIA PRETA (AVENA STRIGOSA) - CV. EMBRAPA 139 E CRAMBE ABYSSI";Agricultura;—;0
"MISTURA DE ESPECIES TRIGO MOURISCO, NABO FORRAGEIRO E CRAMBE ABYSSINICA";Agricultura;—;0
"MISTURA DE ESPECIES UROC RUZIZIENSIS INCR, CROTALARIA OCROLEUCA, SPECTABILIS, NABO FORRAG,CORACANA";Agricultura;—;0
MISTURA DE ESPECIES UROCHLOA BRIZANTHA CV MARANDU NOBRE INC X UROCHLOA HUMIDICOLA CV LLANERO NOBRE I;Agricultura;—;0
MISTURA DE ESPECIES UROCHOLOA BRIZ CV MARANDU NOBRE INC X UROCHLOA BRIZ CV MG-5 NOBRE INC 25KG;Agricultura;25 kg;0
MISTURA DE ESPECIES UROCHOLOA BRIZ CV MARANDU VC 80 X UROCHLOA RUZIZIENSIS CV RUZIZIENSIS VC 80;Agricultura;—;0
MISTURA DE ESPECIES UROCHOLOA BRIZANTHA CV MARANDU NOBRE INCRUSTADA E SORGHUM(L) MOENCH CV BRS PONTA;Agricultura;—;0
MIX CAFE - BASE 1 25KG;Agricultura;25 kg;0
MIX CAFE - BASE 2 25 KG;Agricultura;25 kg;0
MIX CAFE - BASE 2 25KG;Agricultura;25 kg;0
MIX COBERTURA - SB MIX 70/30;Agricultura;—;0
MIX COBERTURA - SB MIX CAFE;Agricultura;—;0
MIX COBERTURA - SB MIX CAFE 25 KG;Agricultura;25 kg;0
MIX COBERTURA - SB MIX CANA;Agricultura;—;0
MIX COBERTURA - SB MIX CANA 1000KG;Agricultura;1000 kg;0
MIX COBERTURA - SB MIX CANA 500KG;Agricultura;500 kg;0
MIX COBERTURA - SB MIX DESCOMPACTADOR;Agricultura;—;0
MIX COBERTURA - SB MIX INVERNO;Agricultura;—;0
MIX COBERTURA - SB MIX N;Agricultura;—;0
MIX COBERTURA - SB MIX NEMATOIDE;Agricultura;—;0
MIX COBERTURA - SB MIX PALHADA;Agricultura;—;0
MIX COBERTURA - SB MIX PASTEJO;Agricultura;—;0
MIX COBERTURA - SB MIX PRECOCE;Agricultura;—;0
"MIX MARANDU, MOMBACA, MILHETO BG 500 KG";Agricultura;500 kg;0
"MIX MILHETO, RUZIZIENSIS BG 500 KG";Agricultura;500 kg;0
"MIX MOMBACA, MILHETO BG 500 KG";Agricultura;500 kg;0
MIX NEMATOIDE /  PALHADA  /  AREA DEGRADADA 25KG;Agricultura;25 kg;0
"MIX PIATA, MOMBACA, MILHETO BG 500 KG";Agricultura;500 kg;0
"SEM MIX  BRS1501 ,CROTALARIA SPECTABILIS BG 500";Agricultura;—;0
"SEM. MIX RUZIZIENSIS, CORACANA, MILHETO BG 500";Agricultura;—;0
"SEM. MIX RUZIZIENSIS, CROTALARIA SPECTABILIS BG 500";Agricultura;—;0
"SEM. MIX RUZIZIENSIS, CROTALARIA SPECTABILIS, MILHETO BG 500";Agricultura;—;0
"SEM. MIX RUZIZIENSIS, MILHETO, CROTALARIA SPECTABILIS  25 KG";Agricultura;25 kg;0
UROCHLOA BRIZANTHA X UROCHLOA RUZIZIENSIS CV CAYANA INCRUSTADA;Agricultura;—;0
UROCHLOA BRIZANTHA X UROCHLOA RUZIZIENSIS CV CAYANA INCRUSTRADA 10KG;Agricultura;10 kg;0
UROCHLOA BRIZANTHA X UROCHLOA RUZIZIENSIS CV CONVERT 330 INCRUSTADA - HIBRIDO SABIA;Agricultura;—;0
MIX COBERTURA SBMIX 66/34 MILHETO/MG-5 NUTRE SBS PURA VC80 25KG;Agricultura;25 kg;0
MISTURA DE ESPECIES MILHETO BRS 1501 E MOMBACA NOBRE INCRUSTADA;Agricultura;—;0
"MISTURA DE ESPECIES TRIGO MOURISCO, BRACHIARIA RUZIZIENSIS E CROTALARIA OCHROLEUCA 25KG";Agricultura;25 kg;0
MIX COBERTURA  SBMIX 29/38/33 NABO/RUZIZIENSIS/MILHETO  SBS PURA VC80 25KG;Agricultura;25 kg;0
MIX COBERTURA SBMIX ESTRATEGICO SBS PURA VC80 25KG;Agricultura;25 kg;0
MISTURA DE ESPECIES UROCHLOA BRIZANTHA CV MARANDU NOBRE INC E CV LLANERO NOBRE INC 25KG;Agricultura;25 kg;0
MISTURA DE ESPECIES UROCHLOA DECUMBENS CV BASILISK VC 50 E CV LLANERO VC 50 25KG;Agricultura;25 kg;0
MIX COBERTURA SB MIX 70/30 RUZIZIENSIS / CROTALARIA SPECTABILIS TRATADA SBS PURA VC80 25KG;Agricultura;25 kg;0
MIX MARANDU/DECUMBENS SBMIX 60/40 PROMAX SBS PURA VC80 25KG;Agricultura;25 kg;0
MIX COBERTURA MILHETO 30% / NABO FORRAGEIRO 30% / RUZIZIENSIS 40% SBS PURA VC80 25KG;Agricultura;25 kg;0
MIX COBERTURA CORACANA 77% / NABO FORRAGEIRO 23% SBS PURA VC80 25KG;Agricultura;25 kg;0
MIX COBERTURA SBMIX PASTEJO SBS PURA VC80 25KG;Pecuária;25 kg;0
MIX COBERTURA SBMIX PASTEJO SBS PURA VC80 500KG;Pecuária;500 kg;0
MIX COBERTURA SBMIX PRECOCE SBS PURA VC80 1000KG;Pecuária;1000 kg;0
MIX COBERTURA SBMIX PRECOCE SBS PURA VC80 500KG;Pecuária;500 kg;0
MIX COBERTURA SB MIX 50/50 RUZIZIENSIS/PIATA SBS PURA VC80 30KG;Pecuária;30 kg;0
MIX COBERTURA SB MIX 50/50 RUZIZIENSIS / CROTALARIA SPECTABILIS TRATADA SBS PURA VC80 25KG;Pecuária;25 kg;0
MIX COBERTURA SBMIX 70/30 SBS PURA VC80 25KG;Pecuária;25 kg;0
MIX COBERTURA MASSAI NUTRE 60% / LLANERO NUTRE 40% SBS PURA VC80 25KG;Pecuária;25 kg;0
MIX COBERTURA MARANDU NUTRE 70% / LLANERO NUTRE 30% SBS PURA VC80 25KG;Pecuária;25 kg;0
MIX COBERTURA RUZIZIENSIS 50% / CROTALARIA JUNCEA 25% / MILHETO 25% SBS PURA VC80 25KG;Pecuária;25 kg;0
MIX COBERTURA MILHETO 30% / NABO 10% / CRAMBE 10% / TRIGO 40% / RUZIZIENSIS 10% SBS PURA VC80 25KG;Pecuária;25 kg;0
MIX COBERTURA MARANDU NUTRE 60% / LLANERO NUTRE 40% SBS PURA VC80 25KG;Agricultura;25 kg;0
MIX COBERTURA RUZIZIENSIS/PIATA SBMIX 60/40  SBS PURA VC80 25KG;Agricultura;25 kg;0
MIX COBERTURA OCHROLEUCA 24% / SPECTABILIS 12% / MILHETO 12% / CORACANA 8% / RUZIZ 8% / CRAMBE 12% /;Agricultura;—;0
MIX COBERTURA XARAÉS 40% / NABO FORRAGEIRO 60% SBS PURA VC80 25KG;Agricultura;25 kg;0
MIX COBERTURA DECUMBENS 80% / MARANDU 20% SBS PURA VC80 25KG;Agricultura;25 kg;0
MIX COBERTURA SPECTABILIS 50% / OCHROLEUCA 50% SBS PURA VC80 25KG;Agricultura;25 kg;0
MIX COBERTURA SB MIX CUSTOMIZADO 50/50 LLANERO / MG-5 PURA VC80 25KG;Agricultura;25 kg;0
MIX COBERTURA MARANDU 65% / RUZIZIENSIS 35% SBS PURA VC80 25KG;Agricultura;25 kg;0
MIX OCHROLEUCA 24% / SPECTABILIS 12% / MILHETO 12% / CORACANA 8% / RUZIZ 8% / CRAMBE 12% / TRIGO 24%;Agricultura;—;0
MIX COBERTURA MILHETO ADR300 24% / OCHROLEUCA 24% / SPECTABILIS 32% / JUNCEA 20%  SBS PURA VC80 25KG;Agricultura;25 kg;0
MIX 150 RUZIZIENSIS 12% / MILHETO 18% / OCHROLEUCA 24% / TRIGO 30% / NABO 16% SBS PURA VC80 25KG;Agricultura;25 kg;0
MIX 375 RUZIZIENSIS 12% / SORGO 22% / OCHROLEURA 22% / SPECTABILIS 18% / GUANDU 26% SBS PURA VC80 25;Agricultura;—;0
MIX 420 AVEIA BRANCA 26% / AVEIA PRETA 24% / NABO JAPONÊS 18% / CENTEIO 32% SBS PURA VC80 25KG;Agricultura;25 kg;0
MIX 150 RUZIZIENSIS 12% / MILHETO 18% / OCHROLEUCA 24% / TRIGO 30% / NABO 16% SBS PURA VC80 500KG;Agricultura;500 kg;0
MIX 375 RUZIZIENSIS 12% / SORGO 22% / OCHROLEURA 22% / SPECTABILIS 18% / GUANDU 26% SBS VC80 500 KG;Agricultura;500 kg;0
MIX 420 AVEIA BRANCA 26% / AVEIA PRETA 24% / NABO JAPONÊS 18% / CENTEIO 32% SBS PURA VC80 500 KG;Agricultura;500 kg;0
MIX 420 AVEIA BRANCA 26% / AVEIA PRETA 24% / NABO FORRAGEIRO IPR116 18% / CENTEIO 32% SBS PURA VC80;Agricultura;—;0
MIX 150 RUZIZIENSIS 12% / MILHETO 18% / OCHROLEUCA 24% / TRIGO 30% / NABO FORRAGEIRO IPR116 16%;Agricultura;—;0
MIX 420 T. MOURISCO 28%/ OCHROLEUCA 12%/ NABO 24%/GUANDU 16%/SPECTABILIS 12%/CRAMBE 8% SBS PURA VC80;Agricultura;—;0
MIX COBERTURA NABO FORRAGEIRO 60% / RUZIZIENSIS 40% SBS PURA VC80 500KG;Agricultura;500 kg;0
MIX COBERTURA MG-4 90% / MOMBAÇA 10%  SBS PURA VC50 25KG;Agricultura;25 kg;0
MIX COBERTURA PIATÃ 50% / OCHORLEUCA 50% SBS PURA VC80 500KG;Agricultura;500 kg;0
MIX COBERTURA SPECTABILIS 50% / RUZIZIENSIS 30% / MILHETO 20% SBS PURA VC80 500KG;Agricultura;500 kg;0
MIX COBERTURA SPECTABILIS 70% / PIATÃ 30% SBS PURA VC80 500KG;Agricultura;500 kg;0
"MIX COBERTURA SPECTABILIS 72,7% / RUZIZIENSIS 27,3% SBS PURA VC80 25KG";Agricultura;25 kg;0
"MIX COBERTURA SPECTABILIS 72,7% / RUZIZIENSIS 27,3% SBS PURA VC80 500KG";Agricultura;500 kg;0
MIX GUANDU 14% / RUZIZIENSIS 16% / MILHETO 14% / CORACANA 9% / NABO 7% / TRIGO 20% / SORGO 20%;Agricultura;—;0
MIX COBERTURA MILHETO ADR300 50% / CROTALÁRIA SPECTABILIS 50% SBS PURA VC80 25KG;Agricultura;25 kg;0
MIX COBERTURA SB MIX 50/50 RUZIZIENSIS / CROTALARIA SPECTABILIS TRATADA SBS PURA VC80 500KG;Agricultura;500 kg;0
"MIX COBERTURA RUZIZIENSIS 33,33% / MILHETO 33,33% / SORGO FORRAGEIRO 33,34% SBS PURA VC80 500KG";Agricultura;500 kg;0
MIX COBERTURA SBMIX INVERNO SBS PURA VC80 25KG;Pecuária;25 kg;0
MIX COBERTURA SBMIX N SBS PURA VC80 25KG;Pecuária;25 kg;0
MIX COBERTURA SBMIX PALHADA SBS PURA VC80 25KG;Pecuária;25 kg;0
MIX COBERTURA SBMIX PRECOCE SBS PURA VC80 25KG;Pecuária;25 kg;0
"MIX JUNCEA 23,50% / SPECTABILIS 17,60% / RUZIZIENSIS 35,40% / PIATA 23,50% SBS PURA VC80 25KG";Agricultura;25 kg;0
"MIX COBERTURA JUNCEA 23,50% / SPECTABILIS 17,60% / RUZIZIENSIS 35,40% / PIATA 23,50% SBS PURA VC80 2";Agricultura;—;0
MIX COBERTURA RUZIZIENSIS 50% /PIATA 50% SBS PRO GRAFITADA VC80 500KG;Agricultura;500 kg;0
"MIX COBERTURA RUZIZIENSIS 33,33% / MILHETO 33,33% / SORGO FORRAGEIRO 33,34% SBS PURA VC80 25KG";Agricultura;25 kg;0
MIX COBERTURA RUZIZIENSIS 40% / PIATA 60% SBS PRO GRAFITADA VC80 25KG;Agricultura;25 kg;0
MIX COBERTURA MIX CUSTOMIZADO SBS PURA VC80 25KG;Agricultura;25 kg;0
MIX COBERTURA RUZIZIENSIS 32% / TRIGO MOURISCO 32% / MILHETO 24% / OCHROLEUCA 12% SBS PURA VC80 25KG;Agricultura;25 kg;0
MIX COBERTURA MILHETO 70% / RUZIZIENSIS 30% SBS PURA VC80 25KG;Agricultura;25 kg;0
"MUCUNA CINZA, CV MUNCUNA CINZA";Agricultura;—;0
PASPALUM NOTATUM CV GRAMA BATATAIS NOBRE INCRUSTADA 10KG;Agricultura;10 kg;0
MEGATHYRSUS MAXIMUS ARUANA SBS NUTRE VC80 1000KG;Pecuária;1000 kg;0
MEGATHYRSUS MAXIMUS ARUANA SBS NUTRE VC80 10KG;Pecuária;10 kg;0
MEGATHYRSUS MAXIMUS ARUANA SBS NUTRE VC80 12KG;Pecuária;12 kg;0
MEGATHYRSUS MAXIMUS ARUANA SBS NUTRE VC80 500KG;Pecuária;500 kg;0
UROCHLOA DECUMBENS BASILISK SBS NUTRE VC80 1000KG;Pecuária;1000 kg;0
UROCHLOA DECUMBENS BASILISK SBS NUTRE VC80 10KG;Pecuária;10 kg;0
UROCHLOA DECUMBENS BASILISK SBS NUTRE VC80 12KG;Pecuária;12 kg;0
UROCHLOA DECUMBENS BASILISK SBS NUTRE VC80 500KG;Pecuária;500 kg;0
UROCHLOA RUZIZIENSIS BRS INTEGRA SBS NUTRE VC80 1000KG;Pecuária;1000 kg;0
UROCHLOA RUZIZIENSIS BRS INTEGRA SBS NUTRE VC80 10KG;Pecuária;10 kg;0
UROCHLOA RUZIZIENSIS BRS INTEGRA SBS NUTRE VC80 12KG;Pecuária;12 kg;0
UROCHLOA RUZIZIENSIS BRS INTEGRA SBS NUTRE VC80 500KG;Pecuária;500 kg;0
UROCHLOA BRIZANTHA BRS PAIAGUAS SBS NUTRE VC80 1000KG;Pecuária;1000 kg;0
UROCHLOA BRIZANTHA BRS PAIAGUAS SBS NUTRE VC80 10KG;Pecuária;10 kg;0
UROCHLOA BRIZANTHA BRS PAIAGUAS SBS NUTRE VC80 12KG;Pecuária;12 kg;0
UROCHLOA BRIZANTHA BRS PAIAGUAS SBS NUTRE VC80 500KG;Pecuária;500 kg;0
UROCHLOA BRIZANTHA BRS PIATA SBS NUTRE VC80 1000KG;Pecuária;1000 kg;0
UROCHLOA BRIZANTHA BRS PIATA SBS NUTRE VC80 10KG;Pecuária;10 kg;0
UROCHLOA BRIZANTHA BRS PIATA SBS NUTRE VC80 12KG;Pecuária;12 kg;0
UROCHLOA BRIZANTHA BRS PIATA SBS NUTRE VC80 500KG;Pecuária;500 kg;0
MEGATHYRSUS MAXIMUS BRS TAMANI SBS NUTRE VC80 1000KG;Pecuária;1000 kg;0
MEGATHYRSUS MAXIMUS BRS TAMANI SBS NUTRE VC80 10KG;Pecuária;10 kg;0
MEGATHYRSUS MAXIMUS BRS TAMANI SBS NUTRE VC80 12KG;Pecuária;12 kg;0
MEGATHYRSUS MAXIMUS BRS TAMANI SBS NUTRE VC80 500KG;Pecuária;500 kg;0
MEGATHYRSUS MAXIMUS BRS ZURI SBS NUTRE VC80 1000KG;Pecuária;1000 kg;0
MEGATHYRSUS MAXIMUS BRS ZURI SBS NUTRE VC80 10KG;Pecuária;10 kg;0
MEGATHYRSUS MAXIMUS BRS ZURI SBS NUTRE VC80 12KG;Pecuária;12 kg;0
MEGATHYRSUS MAXIMUS BRS ZURI SBS NUTRE VC80 500KG;Pecuária;500 kg;0
HIBRIDA CAYANA SBS NUTRE VC80 1000KG;Pecuária;1000 kg;0
HIBRIDA CAYANA SBS NUTRE VC80 10KG;Pecuária;10 kg;0
HIBRIDA CAYANA SBS NUTRE VC80 500KG;Pecuária;500 kg;0
HIBRIDA DUNAMIS  MIXE LNN56 SBS NUTRE VC80 1000KG;Pecuária;1000 kg;0
HIBRIDA DUNAMIS  MIXE LNN56 SBS NUTRE VC80 10KG;Pecuária;10 kg;0
HIBRIDA DUNAMIS  MIXE LNN56 SBS NUTRE VC80 500KG;Pecuária;500 kg;0
UROCHLOA HUMIDICOLA HUMIDICOLA SBS NUTRE VC80 1000KG;Pecuária;1000 kg;0
UROCHLOA HUMIDICOLA HUMIDICOLA SBS NUTRE VC80 10KG;Pecuária;10 kg;0
UROCHLOA HUMIDICOLA HUMIDICOLA SBS NUTRE VC80 12KG;Pecuária;12 kg;0
UROCHLOA HUMIDICOLA HUMIDICOLA SBS NUTRE VC80 500KG;Pecuária;500 kg;0
UROCHLOA BRIZANTHA BRS RB331 IPYPORA SBS NUTRE VC80 1000KG;Pecuária;1000 kg;0
UROCHLOA BRIZANTHA BRS RB331 IPYPORA SBS NUTRE VC80 10KG;Pecuária;10 kg;0
UROCHLOA BRIZANTHA BRS RB331 IPYPORA SBS NUTRE VC80 12KG;Pecuária;12 kg;0
UROCHLOA BRIZANTHA BRS RB331 IPYPORA SBS NUTRE VC80 500KG;Pecuária;500 kg;0
UROCHLOA HUMIDICOLA LLANERO SBS NUTRE VC80 1000KG;Pecuária;1000 kg;0
UROCHLOA HUMIDICOLA LLANERO SBS NUTRE VC80 10KG;Pecuária;10 kg;0
UROCHLOA HUMIDICOLA LLANERO SBS NUTRE VC80 12KG;Pecuária;12 kg;0
UROCHLOA HUMIDICOLA LLANERO SBS NUTRE VC80 500KG;Pecuária;500 kg;0
UROCHLOA BRIZANTHA MARANDU SBS NUTRE VC80 1000KG;Pecuária;1000 kg;0
UROCHLOA BRIZANTHA MARANDU SBS NUTRE VC80 10KG;Pecuária;10 kg;0
UROCHLOA BRIZANTHA MARANDU SBS NUTRE VC80 12KG;Pecuária;12 kg;0
UROCHLOA BRIZANTHA MARANDU SBS NUTRE VC80 500KG;Pecuária;500 kg;0
MEGATHYRSUS MAXIMUS MASSAI SBS NUTRE VC80 1000KG;Pecuária;1000 kg;0
MEGATHYRSUS MAXIMUS MASSAI SBS NUTRE VC80 10KG;Pecuária;10 kg;0
MEGATHYRSUS MAXIMUS MASSAI SBS NUTRE VC80 12KG;Pecuária;12 kg;0
MEGATHYRSUS MAXIMUS MASSAI SBS NUTRE VC80 500KG;Pecuária;500 kg;0
UROCHLOA BRIZANTHA MG-4 SBS NUTRE VC80 1000KG;Pecuária;1000 kg;0
UROCHLOA BRIZANTHA MG-4 SBS NUTRE VC80 10KG;Pecuária;10 kg;0
UROCHLOA BRIZANTHA MG-4 SBS NUTRE VC80 12KG;Pecuária;12 kg;0
UROCHLOA BRIZANTHA MG-4 SBS NUTRE VC80 500KG;Pecuária;500 kg;0
UROCHLOA BRIZANTHA MG-5 SBS NUTRE VC80 1000KG;Pecuária;1000 kg;0
UROCHLOA BRIZANTHA MG-5 SBS NUTRE VC80 10KG;Pecuária;10 kg;0
UROCHLOA BRIZANTHA MG-5 SBS NUTRE VC80 12KG;Pecuária;12 kg;0
UROCHLOA BRIZANTHA MG-5 SBS NUTRE VC80 500KG;Pecuária;500 kg;0
MEGATHYRSUS MAXIMUS MIYAGUI SBS NUTRE VC80 1000KG;Pecuária;1000 kg;0
MEGATHYRSUS MAXIMUS MIYAGUI SBS NUTRE VC80 10KG;Pecuária;10 kg;0
MEGATHYRSUS MAXIMUS MIYAGUI SBS NUTRE VC80 12KG;Pecuária;12 kg;0
MEGATHYRSUS MAXIMUS MIYAGUI SBS NUTRE VC80 500KG;Pecuária;500 kg;0
MEGATHYRSUS MAXIMUS MOMBAÇA SBS NUTRE VC80 1000KG;Pecuária;1000 kg;0
MEGATHYRSUS MAXIMUS MOMBAÇA SBS NUTRE VC80 10KG;Pecuária;10 kg;0
MEGATHYRSUS MAXIMUS MOMBAÇA SBS NUTRE VC80 12KG;Pecuária;12 kg;0
MEGATHYRSUS MAXIMUS MOMBAÇA SBS NUTRE VC80 500KG;Pecuária;500 kg;0
MEGATHYRSUS MAXIMUS MOMBACA SBS NUTRE VC80 1000KG;Pecuária;1000 kg;0
MEGATHYRSUS MAXIMUS MOMBACA SBS NUTRE VC80 10KG;Pecuária;10 kg;0
MEGATHYRSUS MAXIMUS MOMBACA SBS NUTRE VC80 12KG;Pecuária;12 kg;0
MEGATHYRSUS MAXIMUS MOMBACA SBS NUTRE VC80 500KG;Pecuária;500 kg;0
MEGATHYRSUS MAXIMUS BRS QUENIA SBS NUTRE VC80 1000KG;Pecuária;1000 kg;0
MEGATHYRSUS MAXIMUS BRS QUENIA SBS NUTRE VC80 10KG;Pecuária;10 kg;0
MEGATHYRSUS MAXIMUS BRS QUENIA SBS NUTRE VC80 12KG;Pecuária;12 kg;0
MEGATHYRSUS MAXIMUS BRS QUENIA SBS NUTRE VC80 500KG;Pecuária;500 kg;0
UROCHLOA RUZIZIENSIS RUZIZIENSIS SBS NUTRE VC80 1000KG;Agricultura;1000 kg;0
UROCHLOA RUZIZIENSIS RUZIZIENSIS SBS NUTRE VC80 10KG;Agricultura;10 kg;0
UROCHLOA RUZIZIENSIS RUZIZIENSIS SBS NUTRE VC80 12KG;Agricultura;12 kg;0
UROCHLOA RUZIZIENSIS RUZIZIENSIS SBS NUTRE VC80 500KG;Agricultura;500 kg;0
HIBRIDA SABIA CONVERT 330 SBS NUTRE VC80 1000KG;Pecuária;1000 kg;0
HIBRIDA SABIA CONVERT 330 SBS NUTRE VC80 10KG;Pecuária;10 kg;0
HIBRIDA SABIA CONVERT 330 SBS NUTRE VC80 500KG;Pecuária;500 kg;0
MEGATHYRSUS MAXIMUS TANZANIA-1 SBS NUTRE VC80 1000KG;Pecuária;1000 kg;0
MEGATHYRSUS MAXIMUS TANZANIA-1 SBS NUTRE VC80 10KG;Pecuária;10 kg;0
MEGATHYRSUS MAXIMUS TANZANIA-1 SBS NUTRE VC80 12KG;Pecuária;12 kg;0
MEGATHYRSUS MAXIMUS TANZANIA-1 SBS NUTRE VC80 500KG;Pecuária;500 kg;0
"89 BOBINA UNIP OURO,SEG,S LEGAL,GRA,1000_UN";Pecuária;—;0
ACIDO SULFURICO ONU 1830 II CLASSE 8 CON CONCENTRACAO 98% N DE RISCO 80;Pecuária;—;0
ADUBADEIRA SEMEADEIRA PENDULAR VICON PSSPP 603;Pecuária;—;0
AMOSTRA DE UROCHLOA BRIZANTHA CV BRS PIATA VC 80 01KG;Pecuária;01 kg;0
AMOSTRA DE UROCHLOA RUZIZIENSIS CV RUZIZIENSIS VC 80 01KG;Pecuária;01 kg;0
BALANCA;Pecuária;—;0
BALANCA (B 53 150 KG N/S 9263);Pecuária;150 kg;0
BALANCA (B530 150 KG N/S 9262);Pecuária;150 kg;0
BALANCA (B530 200 KG N/S 7163);Pecuária;200 kg;0
BALANCA (CAP 1000);Pecuária;—;0
BALANCA (CAP 60);Pecuária;—;0
BALANCA (LD 1001S 150 KG N/S 3374);Pecuária;150 kg;0
BALANCA (LD 1001S 200 KG N/S 727);Pecuária;200 kg;0
BATEDOR DE SEMENTES;Pecuária;—;0
BICA DE SAIDA DA MESA DENSIMETRICA;Pecuária;—;0
BLOCO DE NOTAS;Pecuária;—;0
"BOBINA UNIP OURO,SEG,S LEGAL,GRA,2500_UN";Pecuária;—;0
"BOBINA UNIP PRATA,SEG,S LEGAL,GRA,1000UN";Pecuária;—;0
BOMBA SUBMERSA;Pecuária;—;0
BONE MARROM;Pecuária;—;0
BONE ROSA;Pecuária;—;0
CANETAS;Pecuária;—;0
COLA FORRAGEIRA PO;Pecuária;—;0
COMPRESSOR HERMETICO 24 KBTU ATN 50D42UFZ - TCL - 828669;Pecuária;—;0
COSTURADEIRA FE 200 MATISA (COM CABEÇOTE);Pecuária;—;0
ELEUSINE CORACANA CV CORACANA 25KG;Pecuária;25 kg;0
ESS DMR 631. CR C/ SENSOR CH VERDE / CX CINZA CEST - 28 061 00;Pecuária;—;0
ETIQUETA IMPRESSORA A4 210 X 297 MM 100 FLS CA 4367 COLACRIL;Pecuária;—;0
FERRO VELHO;Pecuária;—;0
GRAFITE GRAFSOLO;Pecuária;—;0
GRANULADO FINO;Pecuária;—;0
GRANULADO GROSSO;Pecuária;—;0
I/VOLVO XC90 T6 MOMENTUM;Pecuária;—;0
IMPRESSORA TERMO TRANSFERENCIA NORWOOD MODELO 53XL80;Pecuária;—;0
IMPRESSORA TERMO-TRANSFERENCIA 53XL80 NS 120233;Pecuária;—;0
KIT MATERIAL DE DIVULGACAO (DIVERSOS);Pecuária;—;0
KIT MATERIAL DE DIVULGAÇÃO (DIVERSOS);Pecuária;—;0
MAQUINA AGRICOLA PARA PRE LIMPEZA;Pecuária;—;0
MAQUINA AGRICOLA PARA PRE LIMPEZA - MOD 03M GELIO;Pecuária;—;0
MAQUINA SEMEADORA  ESS DMR 63L CR C/SENSOR + 3O PONTO CH VERDE/CX CINZA;Pecuária;—;0
MESA DE GRAVIDADE CAPACIDADE 120 SC/HR;Pecuária;—;0
MESA DE GRAVIDADE CAPACIDADE 200 SC/HR;Pecuária;—;0
MPC 325 SELICATO;Pecuária;—;0
PALHA BRIZANTHA;Pecuária;—;0
PALHA DECUMBENS;Pecuária;—;0
PALHA PANICUM;Pecuária;—;0
PARTE DE UM CONJUNTO INDUSTRIAL FRIGORIFICO;Pecuária;—;0
PNEU 750 X 16;Pecuária;—;0
RECIPIENTE ESTACION P2000-H;Pecuária;—;0
RELE PROT / MEDICAO URP 6000 / 5 5 A 72-250V;Pecuária;—;0
RELE PROT / MEDICAO URP 6000/5 5 A 72-250W;Pecuária;—;0
RENAULT/OROCH 16 4X2;Pecuária;—;0
RESIDUO DE BENEFICIO SEMENTES;Pecuária;—;0
RESIDUO DE SEMENTES BRACHIARIA RUZIZIENSIS;Pecuária;—;0
RESIDUO DE UROCHLOA BRIZANTHA;Pecuária;—;0
SACARIA PAPEL AAX SEMEMBRAS 105X80;Pecuária;—;0
SACARIA PAPEL AAX SEMEMBRAS 120X86;Pecuária;—;0
SACARIA PAPEL AAX SEMEMBRAS 70X55 NOBRE;Pecuária;—;0
SACARIA PAPEL AAX SEMEMBRAS 70X55 PURA;Pecuária;—;0
SACARIA PAPEL AAX SEMEMBRAS 90X65;Pecuária;—;0
SACARIA PAPEL NOBRE BRASIL 70X55 PURA;Pecuária;—;0
SACARIA PAPEL NOBRE BRASIL 90X65;Pecuária;—;0
SANSAO DO CAMPO - MIMOSA CAESALPINIAEFOLIA;Pecuária;—;0
SEMENTE DE CAPIM PE DE GALINHA;Pecuária;—;0
SEMENTES BRUTAS UROCHLOA RUZIZIENSIS CULTIVAR RUZIZIENSIS PARA BENEFICIAMENTO;Pecuária;—;0
SERVIÇOS PRESTADOS;Pecuária;—;0
"SOFT-STARTER, CORRENTE NOMINAL 130A";Pecuária;—;0
TENDA SANFONADA 3X3 PVC SILKADA;Pecuária;—;0
TRAFO POTENCIAL A SECO EPOXI 11.900 V/R3/G2 500 VA 220 V;Pecuária;—;0
"TRANSF POTENCIAL USO INT TENSAO PRIM: 11.900/R3V TENSAO SEC: 220/R3V POT: 500VA EXAT: 0,3P75 GP L: 2";Pecuária;—;0
WPC 220 V - WAIG;Pecuária;—;0
SACARIA PAPEL NOBRE BRASIL 90X65 NOBRE;Pecuária;—;0
SACARIA PAPEL SBS 120X86 TRADICIONAL;Pecuária;—;0
SACARIA PAPEL SBS 70X55 NUTRE;Pecuária;—;0
MEDICAGO SATIVA ALFAFA CRIOULA SBS PURA VC75 25KG;Pecuária;25 kg;0
MEDICAGO SATIVA ALFAFA TRIFECTA SBS PURA VC90 25KG;Pecuária;25 kg;0
ARACHIS PINTOI KRAPOV & W C GREG AMENDOIM FORRAGEIRO SBS 1000KG;Pecuária;1000 kg;0
ARACHIS PINTOI KRAPOV & W C GREG AMENDOIM FORRAGEIRO SBS 25KG;Pecuária;25 kg;0
ARACHIS PINTOI KRAPOV & W C GREG AMENDOIM FORRAGEIRO SBS 500KG;Pecuária;500 kg;0
ARACHIS PINTOL KRAPOV & W. C. GREG AMENDOIM FORRAGEIRO 10KG;Pecuária;10 kg;0
ARACHIS PINTOL KRAPOV & W. C. GREG AMENDOIM FORRAGEIRO 1KG;Pecuária;1 kg;0
ARACHIS PINTOI KRAPOV. & W. C. GREG. AMENDOIM FORRAGEIRO SBS PURA VC80 01KG;Agricultura;01 kg;0
MEGATHYRSUS MAXIMUS ARUANA SBS PURA VC72 1000KG;Pecuária;1000 kg;0
MEGATHYRSUS MAXIMUS ARUANA SBS PURA VC72 10KG;Pecuária;10 kg;0
MEGATHYRSUS MAXIMUS ARUANA SBS PURA VC72 500KG;Pecuária;500 kg;0
MEGATHYRSUS MAXIMUS ARUANA SBS PURA VC75 1000KG;Pecuária;1000 kg;0
MEGATHYRSUS MAXIMUS ARUANA SBS PURA VC75 10KG;Pecuária;10 kg;0
MEGATHYRSUS MAXIMUS ARUANA SBS PURA VC75 500KG;Pecuária;500 kg;0
MEGATHYRSUS MAXIMUS ARUANA SBS PURA VC80 1000KG;Pecuária;1000 kg;0
MEGATHYRSUS MAXIMUS ARUANA SBS PURA VC80 10KG;Pecuária;10 kg;0
MEGATHYRSUS MAXIMUS ARUANA SBS PURA VC80 30KG;Pecuária;30 kg;0
MEGATHYRSUS MAXIMUS ARUANA SBS PURA VC80 500KG;Pecuária;500 kg;0
MEGATHYRSUS MAXIMUS ARUANA SBS PURA VC72 30KG;Pecuária;30 kg;0
AVEIA BRANCA (AVENA SATIVA L) - CV. URS TAURA 25KG;Pecuária;25 kg;0
AVENA SATIVA L AVEIA BRANCA URS TAURA SBS 1000KG;Pecuária;1000 kg;0
AVENA SATIVA L AVEIA BRANCA URS TAURA SBS 25KG;Pecuária;25 kg;0
AVENA SATIVA L AVEIA BRANCA URS TAURA SBS 500KG;Pecuária;500 kg;0
AVENA STRIGOSA SCHREB AVEIA PRETA EMBRAPA 140 SBS 500KG;Pecuária;500 kg;0
AVENA STRIGOSA SCHREB AVEIA PRETA EMBRAPA 141 SBS 1000KG;Pecuária;1000 kg;0
AVENA STRIGOSA SCHREB AVEIA PRETA EMBRAPA 139 SBS 1000KG;Pecuária;1000 kg;0
AVEIA PRETA (AVENA STRIGOSA) - CV. EMBRAPA 139;Pecuária;—;0
AVEIA PRETA (AVENA STRIGOSA) - CV. EMBRAPA 139 - 25KG;Pecuária;25 kg;0
AVEIA PRETA (AVENA STRIGOSA) - CV. EMBRAPA 139 500KG;Pecuária;500 kg;0
AVENA STRIGOSA SCHREB AVEIA PRETA EMBRAPA 139 SBS 25KG;Pecuária;25 kg;0
AVENA STRIGOSA SCHREB AVEIA PRETA EMBRAPA 139 SBS 500KG;Pecuária;500 kg;0
UROCHLOA DECUMBENS BASILISK SBS PURA VC80 01KG;Pecuária;01 kg;0
UROCHLOA DECUMBENS BASILISK SBS PURA VC80 02KG;Pecuária;02 kg;0
UROCHLOA DECUMBENS BASILISK SBS PURA VC80 1000KG;Pecuária;1000 kg;0
UROCHLOA DECUMBENS BASILISK SBS PURA VC80 10KG;Pecuária;10 kg;0
UROCHLOA DECUMBENS BASILISK SBS PURA VC80 30KG;Pecuária;30 kg;0
UROCHLOA DECUMBENS BASILISK SBS PURA VC80 500KG;Pecuária;500 kg;0
UROCHLOA DECUMBENS BASILISK SBS PURA VC80 05KG;Pecuária;05 kg;0
CROTALARIA BREVIFLORA SBS PURA VC80 25KG;Agricultura;25 kg;0
CROTALARIA BREVIFLORA SBS PURA VC80 500KG;Agricultura;500 kg;0
STYLOSANTHES (S CAPITATA 80 S MACROCEPHALA 20) 20KG;Agricultura;20 kg;0
STYLOSANTHES BRS CAMPO GRANDE SBS PURA VC80 1000KG;Agricultura;1000 kg;0
STYLOSANTHES BRS CAMPO GRANDE SBS PURA VC80 25KG;Agricultura;25 kg;0
STYLOSANTHES BRS CAMPO GRANDE SBS PURA VC80 500KG;Agricultura;500 kg;0
UROCHLOA RUZIZIENSIS BRS INTEGRA SBS PURA VC80 1000KG;Pecuária;1000 kg;0
UROCHLOA RUZIZIENSIS BRS INTEGRA SBS PURA VC80 10KG;Pecuária;10 kg;0
UROCHLOA RUZIZIENSIS BRS INTEGRA SBS PURA VC80 30KG;Pecuária;30 kg;0
UROCHLOA RUZIZIENSIS BRS INTEGRA SBS PURA VC80 500KG;Pecuária;500 kg;0
UROCHLOA BRIZANTHA BRS PAIAGUAS SBS PURA VC80 1000KG;Pecuária;1000 kg;0
UROCHLOA BRIZANTHA BRS PAIAGUAS SBS PURA VC80 10KG;Pecuária;10 kg;0
UROCHLOA BRIZANTHA BRS PAIAGUAS SBS PURA VC80 30KG;Pecuária;30 kg;0
UROCHLOA BRIZANTHA BRS PAIAGUAS SBS PURA VC80 500KG;Pecuária;500 kg;0
UROCHLOA BRIZANTHA BRS PIATA SBS PURA VC80 1000KG;Pecuária;1000 kg;0
UROCHLOA BRIZANTHA BRS PIATA SBS PURA VC80 10KG;Pecuária;10 kg;0
UROCHLOA BRIZANTHA BRS PIATA SBS PURA VC80 30KG;Pecuária;30 kg;0
UROCHLOA BRIZANTHA BRS PIATA SBS PURA VC80 500KG;Pecuária;500 kg;0
UROCHLOA BRIZANTHA BRS PIATA SBS PURA VC80 20KG;Pecuária;20 kg;0
UROCHLOA BRIZANTHA BRS PIATA SBS ESCARIFICADA VC80 30KG;Pecuária;30 kg;0
MEGATHYRSUS MAXIMUS BRS TAMANI SBS PURA VC72 1000KG;Pecuária;1000 kg;0
MEGATHYRSUS MAXIMUS BRS TAMANI SBS PURA VC72 10KG;Pecuária;10 kg;0
MEGATHYRSUS MAXIMUS BRS TAMANI SBS PURA VC72 30KG;Pecuária;30 kg;0
MEGATHYRSUS MAXIMUS BRS TAMANI SBS PURA VC72 500KG;Pecuária;500 kg;0
MEGATHYRSUS MAXIMUS BRS TAMANI SBS PURA VC75 1000KG;Pecuária;1000 kg;0
MEGATHYRSUS MAXIMUS BRS TAMANI SBS PURA VC75 10KG;Pecuária;10 kg;0
MEGATHYRSUS MAXIMUS BRS TAMANI SBS PURA VC75 500KG;Pecuária;500 kg;0
MEGATHYRSUS MAXIMUS BRS TAMANI SBS PURA VC80 1000KG;Pecuária;1000 kg;0
MEGATHYRSUS MAXIMUS BRS TAMANI SBS PURA VC80 10KG;Pecuária;10 kg;0
MEGATHYRSUS MAXIMUS BRS TAMANI SBS PURA VC80 30KG;Pecuária;30 kg;0
MEGATHYRSUS MAXIMUS BRS TAMANI SBS PURA VC80 500KG;Pecuária;500 kg;0
MEGATHYRSUS MAXIMUS BRS ZURI SBS PURA VC72 01KG;Pecuária;01 kg;0
MEGATHYRSUS MAXIMUS BRS ZURI SBS PURA VC72 02KG;Pecuária;02 kg;0
MEGATHYRSUS MAXIMUS BRS ZURI SBS PURA VC72 1000KG;Pecuária;1000 kg;0
MEGATHYRSUS MAXIMUS BRS ZURI SBS PURA VC72 10KG;Pecuária;10 kg;0
MEGATHYRSUS MAXIMUS BRS ZURI SBS PURA VC72 500KG;Pecuária;500 kg;0
MEGATHYRSUS MAXIMUS BRS ZURI SBS PURA VC75 01KG;Pecuária;01 kg;0
MEGATHYRSUS MAXIMUS BRS ZURI SBS PURA VC75 02KG;Pecuária;02 kg;0
MEGATHYRSUS MAXIMUS BRS ZURI SBS PURA VC75 1000KG;Pecuária;1000 kg;0
MEGATHYRSUS MAXIMUS BRS ZURI SBS PURA VC75 10KG;Pecuária;10 kg;0
MEGATHYRSUS MAXIMUS BRS ZURI SBS PURA VC75 500KG;Pecuária;500 kg;0
MEGATHYRSUS MAXIMUS BRS ZURI SBS PURA VC80 1000KG;Pecuária;1000 kg;0
MEGATHYRSUS MAXIMUS BRS ZURI SBS PURA VC80 10KG;Pecuária;10 kg;0
MEGATHYRSUS MAXIMUS BRS ZURI SBS PURA VC80 30KG;Pecuária;30 kg;0
MEGATHYRSUS MAXIMUS BRS ZURI SBS PURA VC80 500KG;Pecuária;500 kg;0
MEGATHYRSUS MAXIMUS BRS ZURI SBS PURA VC72 30KG;Pecuária;30 kg;0
MEGATHYRSUS MAXIMUS BRS ZURI SBS PURA VC75 30KG;Pecuária;30 kg;0
SECALE CEREALE L CENTEIO IPR 89 SBS PURA VC80 40KG;Pecuária;40 kg;0
ELEUSINE CORACANA CORACANA SBS PURA VC80 25KG;Agricultura;25 kg;0
CRAMBE ABYSSINICA HOCHST CRAMBE SBS 1000KG;Agricultura;1000 kg;0
CRAMBE ABYSSINICA HOCHST CRAMBE SBS 25KG;Agricultura;25 kg;0
CRAMBE ABYSSINICA HOCHST CRAMBE SBS 500KG;Agricultura;500 kg;0
"CRAMBE ABYSSINICA, CV. CRAMBE  25KG";Agricultura;25 kg;0
"CRAMBE ABYSSINICA, CV. CRAMBE  400KG";Agricultura;400 kg;0
"CRAMBE ABYSSINICA, VC CRAMBE - 25 KG";Agricultura;25 kg;0
CRAMBE ABYSSINICA HOCHST CRAMBE SBS 15KG;Agricultura;15 kg;0
"VICIA SATIVA L. (ERVILHACA COMUM), CV EMBRAPA DPFA E05";Pecuária;—;0
VICIA SATIVA L ERVILHACA COMUM SBS 1000KG;Pecuária;1000 kg;0
VICIA SATIVA L ERVILHACA COMUM SBS 25KG;Pecuária;25 kg;0
VICIA SATIVA L ERVILHACA COMUM SBS 500KG;Pecuária;500 kg;0
CANAVALIA ENSIFORMIS (L) DC FEIJAO DE PORCO SBS 1000KG;Pecuária;1000 kg;0
CANAVALIA ENSIFORMIS (L) DC FEIJAO DE PORCO SBS 25KG;Pecuária;25 kg;0
CANAVALIA ENSIFORMIS (L) DC FEIJAO DE PORCO SBS 500KG;Pecuária;500 kg;0
"FEIJAO DE PORCO, CV COMUM";Pecuária;—;0
FEIJAO GRANEL;Pecuária;—;0
CAJANUS CAJAN FEIJAO GUANDU ANAO IAPAR43 SBS 1000KG;Pecuária;1000 kg;0
CAJANUS CAJAN FEIJAO GUANDU ANAO IAPAR43 SBS 25KG;Pecuária;25 kg;0
CAJANUS CAJAN FEIJAO GUANDU ANAO IAPAR43 SBS 500KG;Pecuária;500 kg;0
CAJANUS CAJAN FEIJAO GUANDU FAVA LARGA SBS 1000KG;Pecuária;1000 kg;0
CAJANUS CAJAN FEIJAO GUANDU FAVA LARGA SBS 25KG;Pecuária;25 kg;0
CAJANUS CAJAN FEIJAO GUANDU FAVA LARGA SBS 500KG;Pecuária;500 kg;0
"FEIJAO GUANDU (CAJANUS CAJAN), CV IAPAR 43 - FAVA LARGA  50 KG";Pecuária;50 kg;0
"FEIJAO GUANDU ANAO, CV IAPAR 43";Pecuária;—;0
CAJANUS CAJAN BRS GUATA SBS 40KG;Pecuária;40 kg;0
HELIANTHUS ANNUUS MULTISSOL SBS PURA VC100 20KG;Pecuária;20 kg;0
GIRASSOL;Pecuária;—;0
HELIANTHUS ANNUUS MULTISSOL SBS PURA VC100 25KG;Pecuária;25 kg;0
UROCHLOA HUMIDICOLA HUMIDICOLA SBS PURA VC60 1000KG;Pecuária;1000 kg;0
UROCHLOA HUMIDICOLA HUMIDICOLA SBS PURA VC60 10KG;Pecuária;10 kg;0
UROCHLOA HUMIDICOLA HUMIDICOLA SBS PURA VC60 30KG;Pecuária;30 kg;0
UROCHLOA HUMIDICOLA HUMIDICOLA SBS PURA VC60 500KG;Pecuária;500 kg;0
UROCHLOA BRIZANTHA BRS RB331 IPYPORA SBS PURA VC80 01KG;Pecuária;01 kg;0
UROCHLOA BRIZANTHA BRS RB331 IPYPORA SBS PURA VC80 02KG;Pecuária;02 kg;0
UROCHLOA BRIZANTHA BRS RB331 IPYPORA SBS PURA VC80 1000KG;Pecuária;1000 kg;0
UROCHLOA BRIZANTHA BRS RB331 IPYPORA SBS PURA VC80 10KG;Pecuária;10 kg;0
UROCHLOA BRIZANTHA BRS RB331 IPYPORA SBS PURA VC80 30KG;Pecuária;30 kg;0
UROCHLOA BRIZANTHA BRS RB331 IPYPORA SBS PURA VC80 500KG;Pecuária;500 kg;0
CROTALARIA JUNCEA 25KG;Pecuária;25 kg;0
CROTALARIA JUNCEA SBS 1000KG;Pecuária;1000 kg;0
CROTALARIA JUNCEA SBS 25KG;Pecuária;25 kg;0
CROTALARIA JUNCEA SBS 500KG;Pecuária;500 kg;0
UROCHLOA HUMIDICOLA LLANERO SBS PURA VC80 1000KG;Pecuária;1000 kg;0
UROCHLOA HUMIDICOLA LLANERO SBS PURA VC80 10KG;Pecuária;10 kg;0
UROCHLOA HUMIDICOLA LLANERO SBS PURA VC80 30KG;Pecuária;30 kg;0
UROCHLOA HUMIDICOLA LLANERO SBS PURA VC80 500KG;Pecuária;500 kg;0
UROCHLOA HUMIDICOLA LLANERO SBS PURA VC80 05KG;Pecuária;05 kg;0
UROCHLOA HUMIDICOLA LLANERO SBS PURA VC80 25KG;Pecuária;25 kg;0
UROCHLOA BRIZANTHA MARANDU SBS PURA VC80 01KG;Pecuária;01 kg;0
UROCHLOA BRIZANTHA MARANDU SBS PURA VC80 02KG;Pecuária;02 kg;0
UROCHLOA BRIZANTHA MARANDU SBS PURA VC80 1000KG;Pecuária;1000 kg;0
UROCHLOA BRIZANTHA MARANDU SBS PURA VC80 10KG;Pecuária;10 kg;0
UROCHLOA BRIZANTHA MARANDU SBS PURA VC80 30KG;Pecuária;30 kg;0
UROCHLOA BRIZANTHA MARANDU SBS PURA VC80 500KG;Pecuária;500 kg;0
UROCHLOA BRIZANTHA MARANDU SBS PURA VC80 20KG;Pecuária;20 kg;0
MEGATHYRSUS MAXIMUS MASSAI SBS PURA VC72 1000KG;Pecuária;1000 kg;0
MEGATHYRSUS MAXIMUS MASSAI SBS PURA VC72 10KG;Pecuária;10 kg;0
MEGATHYRSUS MAXIMUS MASSAI SBS PURA VC72 500KG;Pecuária;500 kg;0
MEGATHYRSUS MAXIMUS MASSAI SBS PURA VC75 1000KG;Pecuária;1000 kg;0
MEGATHYRSUS MAXIMUS MASSAI SBS PURA VC75 10KG;Pecuária;10 kg;0
MEGATHYRSUS MAXIMUS MASSAI SBS PURA VC75 500KG;Pecuária;500 kg;0
MEGATHYRSUS MAXIMUS MASSAI SBS PURA VC80 1000KG;Pecuária;1000 kg;0
MEGATHYRSUS MAXIMUS MASSAI SBS PURA VC80 10KG;Pecuária;10 kg;0
MEGATHYRSUS MAXIMUS MASSAI SBS PURA VC80 30KG;Pecuária;30 kg;0
MEGATHYRSUS MAXIMUS MASSAI SBS PURA VC80 500KG;Pecuária;500 kg;0
MEGATHYRSUS MAXIMUS MASSAI SBS PURA VC72 30KG;Pecuária;30 kg;0
MEGATHYRSUS MAXIMUS MASSAI SBS PURA VC75 30KG;Pecuária;30 kg;0
MEGATHYRSUS MAXIMUS MASSAI SBS PURA VC72 15KG;Pecuária;15 kg;0
UROCHLOA BRIZANTHA MG-4 SBS PURA VC80 01KG;Pecuária;01 kg;0
UROCHLOA BRIZANTHA MG-4 SBS PURA VC80 02KG;Pecuária;02 kg;0
UROCHLOA BRIZANTHA MG-4 SBS PURA VC80 1000KG;Pecuária;1000 kg;0
UROCHLOA BRIZANTHA MG-4 SBS PURA VC80 10KG;Pecuária;10 kg;0
UROCHLOA BRIZANTHA MG-4 SBS PURA VC80 30KG;Pecuária;30 kg;0
UROCHLOA BRIZANTHA MG-4 SBS PURA VC80 500KG;Pecuária;500 kg;0
UROCHLOA BRIZANTHA MG-5 SBS PURA VC80 01KG;Pecuária;01 kg;0
UROCHLOA BRIZANTHA MG-5 SBS PURA VC80 02KG;Pecuária;02 kg;0
UROCHLOA BRIZANTHA MG-5 SBS PURA VC80 1000KG;Pecuária;1000 kg;0
UROCHLOA BRIZANTHA MG-5 SBS PURA VC80 10KG;Pecuária;10 kg;0
UROCHLOA BRIZANTHA MG-5 SBS PURA VC80 30KG;Pecuária;30 kg;0
UROCHLOA BRIZANTHA MG-5 SBS PURA VC80 500KG;Pecuária;500 kg;0
PENNISETUM GLAUCUM CV MILHETO VC 75 1000KG;Pecuária;1000 kg;0
PENNISETUM GLAUCUM CV MILHETO VC 75 10KG;Pecuária;10 kg;0
PENNISETUM GLAUCUM CV MILHETO VC 75 25KG;Pecuária;25 kg;0
PENNISETUM GLAUCUM CV MILHETO VC 75 500KG;Pecuária;500 kg;0
PENNISETUM GLAUCUM MILHETO TENAZ SBS PURA VC75 25KG;Pecuária;25 kg;0
CENCHRUS AMERICANUS (L.) MORRONE = PENNISETUM GLAUCUM (L.)MR.BR MILHETO ADR 300 SBS PURA VC80 25KG;Pecuária;25 kg;0
CENCHRUS AMERICANUS (L.) MORRONE = PENNISETUM GLAUCUM (L.)MR.BR MILHETO ADR 300 SBS PURA VC80 1000KG;Pecuária;1000 kg;0
CENCHRUS AMERICANUS (L.) MORRONE = PENNISETUM GLAUCUM (L.)MR.BR MILHETO ADR 300 SBS PURA VC80 500KG;Pecuária;500 kg;0
PENNISETUM GLAUCUM CV MILHETO BRS 1501;Pecuária;—;0
PENNISETUM GLAUCUM MILHETO BRS1501 SBS PURA VC75 1000KG;Pecuária;1000 kg;0
PENNISETUM GLAUCUM MILHETO BRS1501 SBS PURA VC75 25KG;Pecuária;25 kg;0
PENNISETUM GLAUCUM MILHETO BRS1501 SBS PURA VC75 500KG;Pecuária;500 kg;0
SEM. MILHETO PENN GLAUC CV BRS 1501 25KG;Pecuária;25 kg;0
SEM. MILHETO PENN GLAUC CV BRS 1501 500KG;Pecuária;500 kg;0
PENNISETUM GLAUCUM MILHETO BRS1501 SBS PURA TRATADA VC75 25KG;Pecuária;25 kg;0
PENNISETUM GLAUCUM MILHETO BRS 1501 SBS PURA VC75 500KG;Pecuária;500 kg;0
PENNISETUM GLAUCUM MILHETO BRS 1501 SBS PURA VC75 25KG;Pecuária;25 kg;0
PENNISETUM GLAUCUM MILHETO BRS 1501 SBS PURA TRATADA VC75 25KG;Pecuária;25 kg;0
MILHO HIBRIDO SHU3319 PRO3 20KG;Agricultura;20 kg;0
MILHO HIBRIDO L444 PRO2 20KG;Pecuária;20 kg;0
MEGATHYRSUS MAXIMUS MIYAGUI SBS PURA VC72 01KG;Pecuária;01 kg;0
MEGATHYRSUS MAXIMUS MIYAGUI SBS PURA VC72 02KG;Pecuária;02 kg;0
MEGATHYRSUS MAXIMUS MIYAGUI SBS PURA VC72 1000KG;Pecuária;1000 kg;0
MEGATHYRSUS MAXIMUS MIYAGUI SBS PURA VC72 10KG;Pecuária;10 kg;0
MEGATHYRSUS MAXIMUS MIYAGUI SBS PURA VC72 500KG;Pecuária;500 kg;0
MEGATHYRSUS MAXIMUS MIYAGUI SBS PURA VC75 01KG;Pecuária;01 kg;0
MEGATHYRSUS MAXIMUS MIYAGUI SBS PURA VC75 02KG;Pecuária;02 kg;0
MEGATHYRSUS MAXIMUS MIYAGUI SBS PURA VC75 1000KG;Pecuária;1000 kg;0
MEGATHYRSUS MAXIMUS MIYAGUI SBS PURA VC75 10KG;Pecuária;10 kg;0
MEGATHYRSUS MAXIMUS MIYAGUI SBS PURA VC75 500KG;Pecuária;500 kg;0
MEGATHYRSUS MAXIMUS MIYAGUI SBS PURA VC80 1000KG;Pecuária;1000 kg;0
MEGATHYRSUS MAXIMUS MIYAGUI SBS PURA VC80 10KG;Pecuária;10 kg;0
MEGATHYRSUS MAXIMUS MIYAGUI SBS PURA VC80 30KG;Pecuária;30 kg;0
MEGATHYRSUS MAXIMUS MIYAGUI SBS PURA VC80 500KG;Pecuária;500 kg;0
MEGATHYRSUS MAXIMUS MIYAGUI SBS PURA VC72 30KG;Pecuária;30 kg;0
MEGATHYRSUS MAXIMUS MIYAGUI SBS PURA VC80 05KG;Pecuária;05 kg;0
MEGATHYRSUS MAXIMUS MIYAGUI TENAZ SBS PURA VC72 30KG;Agricultura;30 kg;0
MEGATHYRSUS MAXIMUS MOMBAÇA SBS PURA VC72 01KG;Pecuária;01 kg;0
MEGATHYRSUS MAXIMUS MOMBAÇA SBS PURA VC72 02KG;Pecuária;02 kg;0
MEGATHYRSUS MAXIMUS MOMBAÇA SBS PURA VC72 1000KG;Pecuária;1000 kg;0
MEGATHYRSUS MAXIMUS MOMBAÇA SBS PURA VC72 10KG;Pecuária;10 kg;0
MEGATHYRSUS MAXIMUS MOMBAÇA SBS PURA VC72 500KG;Pecuária;500 kg;0
MEGATHYRSUS MAXIMUS MOMBAÇA SBS PURA VC75 01KG;Pecuária;01 kg;0
MEGATHYRSUS MAXIMUS MOMBAÇA SBS PURA VC75 02KG;Pecuária;02 kg;0
MEGATHYRSUS MAXIMUS MOMBAÇA SBS PURA VC75 1000KG;Pecuária;1000 kg;0
MEGATHYRSUS MAXIMUS MOMBAÇA SBS PURA VC75 10KG;Pecuária;10 kg;0
MEGATHYRSUS MAXIMUS MOMBAÇA SBS PURA VC75 500KG;Pecuária;500 kg;0
MEGATHYRSUS MAXIMUS MOMBAÇA SBS PURA VC80 1000KG;Pecuária;1000 kg;0
MEGATHYRSUS MAXIMUS MOMBAÇA SBS PURA VC80 10KG;Pecuária;10 kg;0
MEGATHYRSUS MAXIMUS MOMBAÇA SBS PURA VC80 30KG;Pecuária;30 kg;0
MEGATHYRSUS MAXIMUS MOMBAÇA SBS PURA VC80 500KG;Pecuária;500 kg;0
MEGATHYRSUS MAXIMUS MOMBAÇA SBS PURA VC72 30KG;Pecuária;30 kg;0
MEGATHYRSUS MAXIMUS MOMBAÇA SBS PURA VC75 30KG;Pecuária;30 kg;0
MEGATHYRSUS MAXIMUS MOMBACA SBS PURA VC72 01KG;Pecuária;01 kg;0
MEGATHYRSUS MAXIMUS MOMBACA SBS PURA VC72 02KG;Pecuária;02 kg;0
MEGATHYRSUS MAXIMUS MOMBACA SBS PURA VC72 1000KG;Pecuária;1000 kg;0
MEGATHYRSUS MAXIMUS MOMBACA SBS PURA VC72 10KG;Pecuária;10 kg;0
MEGATHYRSUS MAXIMUS MOMBACA SBS PURA VC72 500KG;Pecuária;500 kg;0
MEGATHYRSUS MAXIMUS MOMBACA SBS PURA VC75 01KG;Pecuária;01 kg;0
MEGATHYRSUS MAXIMUS MOMBACA SBS PURA VC75 02KG;Pecuária;02 kg;0
MEGATHYRSUS MAXIMUS MOMBACA SBS PURA VC75 1000KG;Pecuária;1000 kg;0
MEGATHYRSUS MAXIMUS MOMBACA SBS PURA VC75 10KG;Pecuária;10 kg;0
MEGATHYRSUS MAXIMUS MOMBACA SBS PURA VC75 500KG;Pecuária;500 kg;0
MEGATHYRSUS MAXIMUS MOMBACA SBS PURA VC80 1000KG;Pecuária;1000 kg;0
MEGATHYRSUS MAXIMUS MOMBACA SBS PURA VC80 10KG;Pecuária;10 kg;0
MEGATHYRSUS MAXIMUS MOMBACA SBS PURA VC80 30KG;Pecuária;30 kg;0
MEGATHYRSUS MAXIMUS MOMBACA SBS PURA VC80 500KG;Pecuária;500 kg;0
MEGATHYRSUS MAXIMUS MOMBACA SBS PURA VC72 30KG;Pecuária;30 kg;0
MEGATHYRSUS MAXIMUS MOMBACA SBS PURA VC75 30KG;Pecuária;30 kg;0
MUCUNA PRURIENS MUCUNA CINZA SBS PURA VC80 25KG;Pecuária;25 kg;0
"NABO FORRAGEIRO, CV IPR 116  25KG";Pecuária;25 kg;0
"NABO FORRAGEIRO, CV IPR 116 - 25KG";Pecuária;25 kg;0
"NABO FORRAGEIRO, CV IPR 116  500KG";Pecuária;500 kg;0
RAPHANUS SATIVUS NABO FORRAGEIRO IPR116 SBS 1000KG;Pecuária;1000 kg;0
RAPHANUS SATIVUS NABO FORRAGEIRO IPR116 SBS 10KG;Pecuária;10 kg;0
RAPHANUS SATIVUS NABO FORRAGEIRO IPR116 SBS 25KG;Pecuária;25 kg;0
RAPHANUS SATIVUS NABO FORRAGEIRO IPR116 SBS 500KG;Pecuária;500 kg;0
CROTALARIA OCHROLEUCA;Pecuária;—;0
CROTALARIA OCHROLEUCA 25KG;Pecuária;25 kg;0
CROTALARIA OCHROLEUCA 500KG;Pecuária;500 kg;0
CROTALARIA OCHROLEUCA SBS 1000KG;Pecuária;1000 kg;0
CROTALARIA OCHROLEUCA SBS 25KG;Pecuária;25 kg;0
CROTALARIA OCHROLEUCA SBS 500KG;Pecuária;500 kg;0
CROTALARIA OCHROLEUCA PURA TRATADA SBS 25KG;Pecuária;25 kg;0
CROTALARIA OCHROLEUCA SBS 600KG;Pecuária;600 kg;0
CROTALARIA OCHROLEUCA PURA TRATADA SBS 500KG;Agricultura;500 kg;0
MEGATHYRSUS MAXIMUS BRS QUENIA SBS PURA VC72 1000KG;Pecuária;1000 kg;0
MEGATHYRSUS MAXIMUS BRS QUENIA SBS PURA VC72 10KG;Pecuária;10 kg;0
MEGATHYRSUS MAXIMUS BRS QUENIA SBS PURA VC72 500KG;Pecuária;500 kg;0
MEGATHYRSUS MAXIMUS BRS QUENIA SBS PURA VC75 1000KG;Pecuária;1000 kg;0
MEGATHYRSUS MAXIMUS BRS QUENIA SBS PURA VC75 10KG;Pecuária;10 kg;0
MEGATHYRSUS MAXIMUS BRS QUENIA SBS PURA VC75 500KG;Pecuária;500 kg;0
MEGATHYRSUS MAXIMUS BRS QUENIA SBS PURA VC80 1000KG;Pecuária;1000 kg;0
MEGATHYRSUS MAXIMUS BRS QUENIA SBS PURA VC80 10KG;Pecuária;10 kg;0
MEGATHYRSUS MAXIMUS BRS QUENIA SBS PURA VC80 30KG;Pecuária;30 kg;0
MEGATHYRSUS MAXIMUS BRS QUENIA SBS PURA VC80 500KG;Pecuária;500 kg;0
UROCHLOA RUZIZIENSIS CV RUZIZIENSIS VC 80 ESCARIFICADA 20KG;Agricultura;20 kg;0
UROCHLOA RUZIZIENSIS RUZIZIENSIS SBS ESCARIFICADA VC90 30KG;Agricultura;30 kg;0
UROCHLOA RUZIZIENSIS RUZIZIENSIS SBS ESCARIFICADA VC90 500KG;Agricultura;500 kg;0
UROCHLOA RUZIZIENSIS RUZIZIENSIS SBS PURA VC80 1000KG;Agricultura;1000 kg;0
UROCHLOA RUZIZIENSIS RUZIZIENSIS SBS PURA VC80 10KG;Agricultura;10 kg;0
UROCHLOA RUZIZIENSIS RUZIZIENSIS SBS PURA VC80 20KG;Agricultura;20 kg;0
UROCHLOA RUZIZIENSIS RUZIZIENSIS SBS PURA VC80 30KG;Agricultura;30 kg;0
UROCHLOA RUZIZIENSIS RUZIZIENSIS SBS PURA VC80 500KG;Agricultura;500 kg;0
UROCHLOA RUZIZIENSIS RUZIZIENSIS SBS PURA VC80 05KG;Agricultura;05 kg;0
UROCHLOA RUZIZIENSIS CV RUZIZIENSIS PURA TRATADA VC 80 30KG;Agricultura;30 kg;0
UROCHLOA RUZIZIENSIS RUZIZIENSIS SBS PURA TRATADA VC80 30KG;Agricultura;30 kg;0
UROCHLOA RUZIZIENSIS RUZIZIENSIS SBS PURA TRATADA VC80 500KG;Agricultura;500 kg;0
UROCHLOA RUZIZIENSIS TENAZ SBS PURA VC80 30KG;Agricultura;30 kg;0
OLIMPO IPRO;Agricultura;—;0
MITICA IPRO;Agricultura;—;0
COBRE I2X;Agricultura;—;0
SPARTA I2X;Agricultura;—;0
GUEPARDO IPRO;Agricultura;—;0
TORMENTA CE;Agricultura;—;0
HERA;Agricultura;—;0
SORGHUM BICOLOR (L) MOENCH BRS 373 SBS 1000KG;Pecuária;1000 kg;0
SORGHUM BICOLOR (L) MOENCH BRS 373 SBS 10KG;Pecuária;10 kg;0
SORGHUM BICOLOR (L) MOENCH BRS 373 SBS 500KG;Pecuária;500 kg;0
SORGO BRS 373;Pecuária;—;0
SORGO BRS 373 10KG;Pecuária;10 kg;0
SORGHUM BICOLOR (L) MOENCH BRS 661 SBS PURA VC90 10KG;Pecuária;10 kg;0
SORGO GRANIFERO BS222 C/ BENEFIC (500 MIL SEMENTES) SBS PURA VC80 25KG;Pecuária;25 kg;0
SORGO GRANIFERO BS326 TSI TOP BENEFIC+MAXIM ADVANCED + CRUISER 500K;Pecuária;—;0
SORGO NSX222 TOP 500K BOA SAFRA;Pecuária;—;0
"SORGO NSX222 TOP 500K SORGO NSX222 SBS PURA VC80 17,7KG";Pecuária;"17,7 kg";0
"SEM SORGO NSX326 TOP VC (SB) 18,5 KG";Pecuária;"18,5 kg";0
SORGO NSX326 TOP 500K BOA SAFRA;Pecuária;—;0
SORGHUM BICOLOR (L) MOENCH BRS PONTA NEGRA SBS 1000KG;Pecuária;1000 kg;0
SORGHUM BICOLOR (L) MOENCH BRS PONTA NEGRA SBS 500KG;Pecuária;500 kg;0
SORGHUM BICOLOR (L) MOENCH CV BRS PONTA NEGRA;Pecuária;—;0
SORGHUM BICOLOR (L) MOENCH CV BRS PONTA NEGRA  (BENEFIC) 10KG;Pecuária;10 kg;0
SORGHUM BICOLOR (L) MOENCH CV BRS PONTA NEGRA 10KG;Pecuária;10 kg;0
SORGHUM BICOLOR (L) MOENCH BRS PONTA NEGRA SBS 10KG;Pecuária;10 kg;0
SORGO SLP21K0005E TOP 500K BOA SAFRA;Pecuária;—;0
SORGO SLP21K0007E TOP 500K BOA SAFRA;Pecuária;—;0
CROTALARIA SPECTABILIS;Agricultura;—;0
CROTALARIA SPECTABILIS 25KG;Agricultura;25 kg;0
CROTALARIA SPECTABILIS 500KG;Agricultura;500 kg;0
CROTALARIA SPECTABILIS SBS 1000KG;Agricultura;1000 kg;0
CROTALARIA SPECTABILIS SBS 25KG;Agricultura;25 kg;0
CROTALARIA SPECTABILIS SBS 500KG;Agricultura;500 kg;0
MEGATHYRSUS MAXIMUS TANZANIA-1 SBS PURA VC72 1000KG;Pecuária;1000 kg;0
MEGATHYRSUS MAXIMUS TANZANIA-1 SBS PURA VC72 10KG;Pecuária;10 kg;0
MEGATHYRSUS MAXIMUS TANZANIA-1 SBS PURA VC72 500KG;Pecuária;500 kg;0
MEGATHYRSUS MAXIMUS TANZANIA-1 SBS PURA VC75 1000KG;Pecuária;1000 kg;0
MEGATHYRSUS MAXIMUS TANZANIA-1 SBS PURA VC75 10KG;Pecuária;10 kg;0
MEGATHYRSUS MAXIMUS TANZANIA-1 SBS PURA VC75 500KG;Pecuária;500 kg;0
MEGATHYRSUS MAXIMUS TANZANIA-1 SBS PURA VC80 1000KG;Pecuária;1000 kg;0
MEGATHYRSUS MAXIMUS TANZANIA-1 SBS PURA VC80 10KG;Pecuária;10 kg;0
MEGATHYRSUS MAXIMUS TANZANIA-1 SBS PURA VC80 30KG;Pecuária;30 kg;0
MEGATHYRSUS MAXIMUS TANZANIA-1 SBS PURA VC80 500KG;Pecuária;500 kg;0
FAGOPYRUM ESCULENTUM MOENCH TRIGO MOURISCO IPR 91-BAILI SBS 1000KG;Pecuária;1000 kg;0
FAGOPYRUM ESCULENTUM MOENCH TRIGO MOURISCO IPR 91-BAILI SBS 25KG;Pecuária;25 kg;0
FAGOPYRUM ESCULENTUM MOENCH TRIGO MOURISCO IPR 91-BAILI SBS 500KG;Pecuária;500 kg;0
"TRIGO MOURISCO, CV IPR 91 BAILI  - 25KG";Pecuária;25 kg;0
"TRIGO MOURISCO, CV IPR 91 BAILI  25KG";Pecuária;25 kg;0
MEGATHYRSUS MAXIMUS ARUANA SBS  VC35 1000KG;Pecuária;1000 kg;0
MEGATHYRSUS MAXIMUS ARUANA SBS  VC35 10KG;Pecuária;10 kg;0
MEGATHYRSUS MAXIMUS ARUANA SBS  VC35 15KG;Pecuária;15 kg;0
MEGATHYRSUS MAXIMUS ARUANA SBS  VC35 20KG;Pecuária;20 kg;0
MEGATHYRSUS MAXIMUS ARUANA SBS  VC35 500KG;Pecuária;500 kg;0
MEGATHYRSUS MAXIMUS ARUANA SBS  VC50 1000KG;Pecuária;1000 kg;0
MEGATHYRSUS MAXIMUS ARUANA SBS  VC50 15KG;Pecuária;15 kg;0
MEGATHYRSUS MAXIMUS ARUANA SBS  VC50 20KG;Pecuária;20 kg;0
MEGATHYRSUS MAXIMUS ARUANA SBS  VC50 500KG;Pecuária;500 kg;0
MEGATHYRSUS MAXIMUS CV ARUANA;Pecuária;—;0
MEGATHYRSUS MAXIMUS CV ARUANA  S1 01 KG;Pecuária;01 kg;0
MEGATHYRSUS MAXIMUS CV ARUANA VC 25 10KG;Pecuária;10 kg;0
MEGATHYRSUS MAXIMUS CV ARUANA VC 35 10KG;Pecuária;10 kg;0
MEGATHYRSUS MAXIMUS CV ARUANA VC 35 12KG;Pecuária;12 kg;0
MEGATHYRSUS MAXIMUS CV ARUANA VC 35 15KG;Pecuária;15 kg;0
MEGATHYRSUS MAXIMUS CV ARUANA VC 35 20KG;Pecuária;20 kg;0
MEGATHYRSUS MAXIMUS CV ARUANA VC 50 20KG;Pecuária;20 kg;0
MEGATHYRSUS MAXIMUS CV ARUANA VC 72 05KG;Pecuária;05 kg;0
MEGATHYRSUS MAXIMUS CV ARUANA VC 80 05KG;Pecuária;05 kg;0
UROCHLOA DECUMBENS BASILISK SBS  VC50 1000KG;Pecuária;1000 kg;0
UROCHLOA DECUMBENS BASILISK SBS  VC50 15KG;Pecuária;15 kg;0
UROCHLOA DECUMBENS BASILISK SBS  VC50 20KG;Pecuária;20 kg;0
UROCHLOA DECUMBENS BASILISK SBS  VC50 500KG;Pecuária;500 kg;0
UROCHLOA DECUMBENS CV BASILISK;Pecuária;—;0
UROCHLOA DECUMBENS CV BASILISK VC 36 10KG;Pecuária;10 kg;0
UROCHLOA DECUMBENS CV BASILISK VC 36 20KG;Pecuária;20 kg;0
UROCHLOA DECUMBENS CV BASILISK VC 50 10KG;Pecuária;10 kg;0
UROCHLOA DECUMBENS CV BASILISK VC 50 12KG;Pecuária;12 kg;0
UROCHLOA DECUMBENS CV BASILISK VC 50 15KG;Pecuária;15 kg;0
UROCHLOA DECUMBENS CV BASILISK VC 50 20KG;Pecuária;20 kg;0
UROCHLOA DECUMBENS CV BASILISK VC 50 25KG;Pecuária;25 kg;0
UROCHLOA DECUMBENS CV BASILISK VC 50 500KG;Pecuária;500 kg;0
UROCHLOA DECUMBENS CV BASILISK VC 80 01KG;Pecuária;01 kg;0
UROCHLOA DECUMBENS CV BASILISK VC 80 02KG;Pecuária;02 kg;0
UROCHLOA DECUMBENS CV BASILISK VC 80 05KG;Pecuária;05 kg;0
UROCHLOA DECUMBENS CV BASILISK VC 80 10KG;Pecuária;10 kg;0
UROCHLOA DECUMBENS CV BASILISK VC 80 2KG;Pecuária;2 kg;0
UROCHLOA DECUMBENS CV BASILISK VC 80 30KG;Pecuária;30 kg;0
UROCHLOA DECUMBENS BASILISK SBS  VC50 10KG;Pecuária;10 kg;0
UROCHLOA DECUMBENS BASILISK SBS  VC36 20KG;Pecuária;20 kg;0
UROCHLOA RUZIZIENSIS BRS INTEGRA SBS  VC50 1000KG;Pecuária;1000 kg;0
UROCHLOA RUZIZIENSIS BRS INTEGRA SBS  VC50 15KG;Pecuária;15 kg;0
UROCHLOA RUZIZIENSIS BRS INTEGRA SBS  VC50 20KG;Pecuária;20 kg;0
UROCHLOA RUZIZIENSIS BRS INTEGRA SBS  VC50 500KG;Pecuária;500 kg;0
UROCHLOA RUZIZIENSIS CV BRS INTEGRA;Pecuária;—;0
UROCHLOA RUZIZIENSIS CV BRS INTEGRA VC 50 20KG;Pecuária;20 kg;0
UROCHLOA RUZIZIENSIS CV BRS INTEGRA VC 80 10KG;Pecuária;10 kg;0
UROCHLOA BRIZANTHA BRS PAIAGUAS SBS  VC50 1000KG;Pecuária;1000 kg;0
UROCHLOA BRIZANTHA BRS PAIAGUAS SBS  VC50 15KG;Pecuária;15 kg;0
UROCHLOA BRIZANTHA BRS PAIAGUAS SBS  VC50 20KG;Pecuária;20 kg;0
UROCHLOA BRIZANTHA BRS PAIAGUAS SBS  VC50 500KG;Pecuária;500 kg;0
UROCHLOA BRIZANTHA CV BRS PAIAGUAS VC  80 500KG;Pecuária;500 kg;0
UROCHLOA BRIZANTHA CV BRS PAIAGUAS VC 50 10KG;Pecuária;10 kg;0
UROCHLOA BRIZANTHA CV BRS PAIAGUAS VC 50 15KG;Pecuária;15 kg;0
UROCHLOA BRIZANTHA CV BRS PAIAGUAS VC 50 20KG;Pecuária;20 kg;0
UROCHLOA BRIZANTHA CV BRS PAIAGUAS VC 80 05KG;Pecuária;05 kg;0
UROCHLOA BRIZANTHA CV BRS PAIAGUAS VC 80 20KG;Pecuária;20 kg;0
UROCHLOA BRIZANTHA BRS PIATA SBS  VC50 1000KG;Pecuária;1000 kg;0
UROCHLOA BRIZANTHA BRS PIATA SBS  VC50 15KG;Pecuária;15 kg;0
UROCHLOA BRIZANTHA BRS PIATA SBS  VC50 20KG;Pecuária;20 kg;0
UROCHLOA BRIZANTHA BRS PIATA SBS  VC50 500KG;Pecuária;500 kg;0
UROCHLOA BRIZANTHA CV BRS PIATA;Pecuária;—;0
UROCHLOA BRIZANTHA CV BRS PIATA VC 50 10KG;Pecuária;10 kg;0
UROCHLOA BRIZANTHA CV BRS PIATA VC 50 12KG;Pecuária;12 kg;0
UROCHLOA BRIZANTHA CV BRS PIATA VC 50 15KG;Pecuária;15 kg;0
UROCHLOA BRIZANTHA CV BRS PIATA VC 50 20KG;Pecuária;20 kg;0
UROCHLOA BRIZANTHA CV BRS PIATA VC 80 02KG;Pecuária;02 kg;0
UROCHLOA BRIZANTHA CV BRS PIATA VC 80 05KG;Pecuária;05 kg;0
UROCHLOA BRIZANTHA CV BRS PIATA VC 80 10KG;Pecuária;10 kg;0
UROCHLOA BRIZANTHA CV BRS PIATA VC 80 20KG;Pecuária;20 kg;0
UROCHLOA BRIZANTHA CV BRS PIATA VC 80 30KG;Pecuária;30 kg;0
UROCHLOA BRIZANTHA CV BRS PIATA VC 80 500KG;Pecuária;500 kg;0
MEGATHYRSUS MAXIMUS BRS TAMANI SBS  VC35 1000KG;Pecuária;1000 kg;0
MEGATHYRSUS MAXIMUS BRS TAMANI SBS  VC35 10KG;Pecuária;10 kg;0
MEGATHYRSUS MAXIMUS BRS TAMANI SBS  VC35 15KG;Pecuária;15 kg;0
MEGATHYRSUS MAXIMUS BRS TAMANI SBS  VC35 20KG;Pecuária;20 kg;0
MEGATHYRSUS MAXIMUS CV BRS TAMANI VC 72 10KG;Pecuária;10 kg;0
MEGATHYRSUS MAXIMUS BRS TAMANI SBS  VC35 500KG;Pecuária;500 kg;0
MEGATHYRSUS MAXIMUS BRS TAMANI SBS  VC50 1000KG;Pecuária;1000 kg;0
MEGATHYRSUS MAXIMUS BRS TAMANI SBS  VC50 15KG;Pecuária;15 kg;0
MEGATHYRSUS MAXIMUS BRS TAMANI SBS  VC50 20KG;Pecuária;20 kg;0
MEGATHYRSUS MAXIMUS BRS TAMANI SBS  VC50 500KG;Pecuária;500 kg;0
MEGATHYRSUS MAXIMUS CV BRS TAMANI;Pecuária;—;0
MEGATHYRSUS MAXIMUS CV BRS TAMANI S1 01KG;Pecuária;01 kg;0
MEGATHYRSUS MAXIMUS CV BRS TAMANI VC 35 10KG;Pecuária;10 kg;0
MEGATHYRSUS MAXIMUS CV BRS TAMANI VC 35 15KG;Pecuária;15 kg;0
MEGATHYRSUS MAXIMUS CV BRS TAMANI VC 35 20KG;Pecuária;20 kg;0
MEGATHYRSUS MAXIMUS CV BRS TAMANI VC 50 20KG;Pecuária;20 kg;0
MEGATHYRSUS MAXIMUS CV BRS TAMANI VC 72 05KG;Pecuária;05 kg;0
MEGATHYRSUS MAXIMUS CV BRS TAMANI VC 72 30KG;Pecuária;30 kg;0
MEGATHYRSUS MAXIMUS CV BRS TAMANI VC 80 05KG;Pecuária;05 kg;0
MEGATHYRSUS MAXIMUS CV BRS TAMANI VC 80 10KG;Pecuária;10 kg;0
MEGATHYRSUS MAXIMUS CV BRS TAMANI VC 80 20KG;Pecuária;20 kg;0
AMOSTRA DE MEGATHYRSUS MAXIMUS CV BRS ZURI VC 80 01KG;Pecuária;01 kg;0
MEGATHYRSUS MAXIMUS BRS ZURI SBS  VC35 1000KG;Pecuária;1000 kg;0
MEGATHYRSUS MAXIMUS BRS ZURI SBS  VC35 10KG;Pecuária;10 kg;0
MEGATHYRSUS MAXIMUS BRS ZURI SBS  VC35 15KG;Pecuária;15 kg;0
MEGATHYRSUS MAXIMUS BRS ZURI SBS  VC35 20KG;Pecuária;20 kg;0
MEGATHYRSUS MAXIMUS BRS ZURI SBS  VC35 500KG;Pecuária;500 kg;0
MEGATHYRSUS MAXIMUS BRS ZURI SBS  VC50 1000KG;Pecuária;1000 kg;0
MEGATHYRSUS MAXIMUS BRS ZURI SBS  VC50 15KG;Pecuária;15 kg;0
MEGATHYRSUS MAXIMUS BRS ZURI SBS  VC50 20KG;Pecuária;20 kg;0
MEGATHYRSUS MAXIMUS BRS ZURI SBS  VC50 500KG;Pecuária;500 kg;0
MEGATHYRSUS MAXIMUS CV BRS ZURI;Pecuária;—;0
MEGATHYRSUS MAXIMUS CV BRS ZURI VC 25 10KG;Pecuária;10 kg;0
MEGATHYRSUS MAXIMUS CV BRS ZURI VC 35 10KG;Pecuária;10 kg;0
MEGATHYRSUS MAXIMUS CV BRS ZURI VC 35 15KG;Pecuária;15 kg;0
MEGATHYRSUS MAXIMUS CV BRS ZURI VC 35 20KG;Pecuária;20 kg;0
MEGATHYRSUS MAXIMUS CV BRS ZURI VC 50 20KG;Pecuária;20 kg;0
MEGATHYRSUS MAXIMUS CV BRS ZURI VC 72 01KG;Pecuária;01 kg;0
MEGATHYRSUS MAXIMUS CV BRS ZURI VC 72 02KG;Pecuária;02 kg;0
MEGATHYRSUS MAXIMUS CV BRS ZURI VC 72 05KG;Pecuária;05 kg;0
MEGATHYRSUS MAXIMUS CV BRS ZURI VC 72 10KG;Pecuária;10 kg;0
MEGATHYRSUS MAXIMUS CV BRS ZURI VC 72 20KG;Pecuária;20 kg;0
MEGATHYRSUS MAXIMUS CV BRS ZURI VC 72 30KG;Pecuária;30 kg;0
MEGATHYRSUS MAXIMUS CV BRS ZURI VC 80 02KG;Pecuária;02 kg;0
MEGATHYRSUS MAXIMUS CV BRS ZURI VC 80 05KG;Pecuária;05 kg;0
MEGATHYRSUS MAXIMUS CV BRS ZURI VC 80 10KG;Pecuária;10 kg;0
UROCHLOA HUMIDICOLA CV HUMIDICOLA VC 35 10KG;Pecuária;10 kg;0
UROCHLOA HUMIDICOLA CV HUMIDICOLA VC 35 15KG;Pecuária;15 kg;0
UROCHLOA HUMIDICOLA CV HUMIDICOLA VC 35 20KG;Pecuária;20 kg;0
UROCHLOA HUMIDICOLA CV HUMIDICOLA VC 42 15KG;Pecuária;15 kg;0
UROCHLOA HUMIDICOLA CV HUMIDICOLA VC 42 20KG;Pecuária;20 kg;0
UROCHLOA HUMIDICOLA CV HUMIDICOLA VC 60 05KG;Pecuária;05 kg;0
UROCHLOA HUMIDICOLA CV HUMIDICOLA VC 60 10KG;Pecuária;10 kg;0
UROCHLOA HUMIDICOLA HUMIDICOLA SBS  VC35 15KG;Pecuária;15 kg;0
UROCHLOA HUMIDICOLA HUMIDICOLA SBS  VC35 20KG;Pecuária;20 kg;0
UROCHLOA BRIZANTHA BRS RB331 IPYPORA SBS  VC50 1000KG;Pecuária;1000 kg;0
UROCHLOA BRIZANTHA BRS RB331 IPYPORA SBS  VC50 15KG;Pecuária;15 kg;0
UROCHLOA BRIZANTHA BRS RB331 IPYPORA SBS  VC50 20KG;Pecuária;20 kg;0
UROCHLOA BRIZANTHA BRS RB331 IPYPORA SBS  VC50 500KG;Pecuária;500 kg;0
UROCHLOA BRIZANTHA CV BRS RB331 IPYPORA;Pecuária;—;0
UROCHLOA BRIZANTHA CV BRS RB331 IPYPORA VC 50 20KG;Pecuária;20 kg;0
UROCHLOA BRIZANTHA CV BRS RB331 IPYPORA VC 50 20KG (CANCELADO USAR COD.6977);Pecuária;20 kg;0
UROCHLOA BRIZANTHA CV BRS RB331 IPYPORA VC 80 01KG;Pecuária;01 kg;0
UROCHLOA BRIZANTHA CV BRS RB331 IPYPORA VC 80 05KG;Pecuária;05 kg;0
UROCHLOA HUMIDICOLA CV LLANERO;Pecuária;—;0
UROCHLOA HUMIDICOLA CV LLANERO S1 01KG;Pecuária;01 kg;0
UROCHLOA HUMIDICOLA CV LLANERO VC 36 10KG;Pecuária;10 kg;0
UROCHLOA HUMIDICOLA CV LLANERO VC 36 20KG;Pecuária;20 kg;0
UROCHLOA HUMIDICOLA CV LLANERO VC 50 05KG;Pecuária;05 kg;0
UROCHLOA HUMIDICOLA CV LLANERO VC 50 10KG;Pecuária;10 kg;0
UROCHLOA HUMIDICOLA CV LLANERO VC 50 15KG;Pecuária;15 kg;0
UROCHLOA HUMIDICOLA CV LLANERO VC 50 20KG;Pecuária;20 kg;0
UROCHLOA HUMIDICOLA CV LLANERO VC 80 05KG;Pecuária;05 kg;0
UROCHLOA HUMIDICOLA CV LLANERO VC 80 10KG;Pecuária;10 kg;0
UROCHLOA HUMIDICOLA LLANERO SBS  VC50 1000KG;Pecuária;1000 kg;0
UROCHLOA HUMIDICOLA LLANERO SBS  VC50 15KG;Pecuária;15 kg;0
UROCHLOA HUMIDICOLA LLANERO SBS  VC50 20KG;Pecuária;20 kg;0
UROCHLOA HUMIDICOLA LLANERO SBS  VC50 500KG;Pecuária;500 kg;0
UROCHLOA HUMIDICOLA LLANERO SBS  VC36 20KG;Pecuária;20 kg;0
SEM UROCHLOA BRIZANTHA CV MARANDU VC 80 20KG;Pecuária;20 kg;0
UROCHLOA BRIZANTHA CV MARANDU;Pecuária;—;0
UROCHLOA BRIZANTHA CV MARANDU S1 01KG;Pecuária;01 kg;0
UROCHLOA BRIZANTHA CV MARANDU VC 36 10KG;Pecuária;10 kg;0
UROCHLOA BRIZANTHA CV MARANDU VC 36 20KG;Pecuária;20 kg;0
UROCHLOA BRIZANTHA CV MARANDU VC 36 500KG;Pecuária;500 kg;0
UROCHLOA BRIZANTHA CV MARANDU VC 50 10KG;Pecuária;10 kg;0
UROCHLOA BRIZANTHA CV MARANDU VC 50 12KG;Pecuária;12 kg;0
UROCHLOA BRIZANTHA CV MARANDU VC 50 15KG;Pecuária;15 kg;0
UROCHLOA BRIZANTHA CV MARANDU VC 50 20KG;Pecuária;20 kg;0
UROCHLOA BRIZANTHA CV MARANDU VC 50 500KG;Pecuária;500 kg;0
UROCHLOA BRIZANTHA CV MARANDU VC 60 20KG;Pecuária;20 kg;0
UROCHLOA BRIZANTHA CV MARANDU VC 80 01KG;Pecuária;01 kg;0
UROCHLOA BRIZANTHA CV MARANDU VC 80 02KG;Pecuária;02 kg;0
UROCHLOA BRIZANTHA CV MARANDU VC 80 05KG;Pecuária;05 kg;0
UROCHLOA BRIZANTHA CV MARANDU VC 80 10KG;Pecuária;10 kg;0
UROCHLOA BRIZANTHA CV MARANDU VC 80 20KG;Pecuária;20 kg;0
UROCHLOA BRIZANTHA CV MARANDU VC 80 2KG;Pecuária;2 kg;0
UROCHLOA BRIZANTHA CV MARANDU VC 80 30KG;Pecuária;30 kg;0
UROCHLOA BRIZANTHA MARANDU SBS  VC36 20KG;Pecuária;20 kg;0
UROCHLOA BRIZANTHA MARANDU SBS  VC50 1000KG;Pecuária;1000 kg;0
UROCHLOA BRIZANTHA MARANDU SBS  VC50 15KG;Pecuária;15 kg;0
UROCHLOA BRIZANTHA MARANDU SBS  VC50 20KG;Pecuária;20 kg;0
UROCHLOA BRIZANTHA MARANDU SBS  VC50 500KG;Pecuária;500 kg;0
UROCHLOA BRIZANTHA MARANDU SBS  VC50 10KG;Pecuária;10 kg;0
UROCHLOA BRIZANTHA CV MARANDU VC 42 20KG;Pecuária;20 kg;0
MEGATHYRSUS MAXIMUS CV MASSAI;Pecuária;—;0
MEGATHYRSUS MAXIMUS CV MASSAI  S1 01KG;Pecuária;01 kg;0
MEGATHYRSUS MAXIMUS CV MASSAI VC 25 10KG;Pecuária;10 kg;0
MEGATHYRSUS MAXIMUS CV MASSAI VC 25 15KG;Pecuária;15 kg;0
MEGATHYRSUS MAXIMUS CV MASSAI VC 25 20KG;Pecuária;20 kg;0
MEGATHYRSUS MAXIMUS CV MASSAI VC 35 10KG;Pecuária;10 kg;0
MEGATHYRSUS MAXIMUS CV MASSAI VC 35 12KG;Pecuária;12 kg;0
MEGATHYRSUS MAXIMUS CV MASSAI VC 35 15KG;Pecuária;15 kg;0
MEGATHYRSUS MAXIMUS CV MASSAI VC 35 20KG;Pecuária;20 kg;0
MEGATHYRSUS MAXIMUS CV MASSAI VC 50 20KG;Pecuária;20 kg;0
MEGATHYRSUS MAXIMUS CV MASSAI VC 72 05KG;Pecuária;05 kg;0
MEGATHYRSUS MAXIMUS CV MASSAI VC 72 10KG;Pecuária;10 kg;0
MEGATHYRSUS MAXIMUS CV MASSAI VC 80 05KG;Pecuária;05 kg;0
MEGATHYRSUS MAXIMUS MASSAI SBS  VC35 1000KG;Pecuária;1000 kg;0
MEGATHYRSUS MAXIMUS MASSAI SBS  VC35 10KG;Pecuária;10 kg;0
MEGATHYRSUS MAXIMUS MASSAI SBS  VC35 15KG;Pecuária;15 kg;0
MEGATHYRSUS MAXIMUS CV MASSAI  VC 75 30KG;Pecuária;30 kg;0
MEGATHYRSUS MAXIMUS MASSAI SBS  VC35 20KG;Pecuária;20 kg;0
MEGATHYRSUS MAXIMUS MASSAI SBS  VC35 500KG;Pecuária;500 kg;0
MEGATHYRSUS MAXIMUS MASSAI SBS  VC50 1000KG;Pecuária;1000 kg;0
MEGATHYRSUS MAXIMUS MASSAI SBS  VC50 15KG;Pecuária;15 kg;0
MEGATHYRSUS MAXIMUS MASSAI SBS  VC50 20KG;Pecuária;20 kg;0
MEGATHYRSUS MAXIMUS MASSAI SBS  VC50 500KG;Pecuária;500 kg;0
UROCHLOA BRIZANTHA CV MG-4 VC 36 10KG;Pecuária;10 kg;0
UROCHLOA BRIZANTHA CV MG-4 VC 50 10KG;Pecuária;10 kg;0
UROCHLOA BRIZANTHA CV MG-4 VC 50 15KG;Pecuária;15 kg;0
UROCHLOA BRIZANTHA CV MG-4 VC 50 20KG;Pecuária;20 kg;0
UROCHLOA BRIZANTHA CV MG-4 VC 80 01KG;Pecuária;01 kg;0
UROCHLOA BRIZANTHA MG-4 SBS  VC50 1000KG;Pecuária;1000 kg;0
UROCHLOA BRIZANTHA MG-4 SBS  VC50 15KG;Pecuária;15 kg;0
UROCHLOA BRIZANTHA MG-4 SBS  VC50 20KG;Pecuária;20 kg;0
UROCHLOA BRIZANTHA MG-4 SBS  VC50 500KG;Pecuária;500 kg;0
UROCHLOA BRIZANTHA MG-4 SBS  VC50 10KG;Pecuária;10 kg;0
UROCHLOA BRIZANTHA CV MG-5;Pecuária;—;0
UROCHLOA BRIZANTHA CV MG-5 S1 01KG;Pecuária;01 kg;0
UROCHLOA BRIZANTHA CV MG-5 VC 50 10KG;Pecuária;10 kg;0
UROCHLOA BRIZANTHA CV MG-5 VC 50 15KG;Pecuária;15 kg;0
UROCHLOA BRIZANTHA CV MG-5 VC 50 20KG;Pecuária;20 kg;0
UROCHLOA BRIZANTHA CV MG-5 VC 80 01KG;Pecuária;01 kg;0
UROCHLOA BRIZANTHA CV MG-5 VC 80 02KG;Pecuária;02 kg;0
UROCHLOA BRIZANTHA CV MG-5 VC 80 05KG;Pecuária;05 kg;0
UROCHLOA BRIZANTHA CV MG-5 VC 80 10KG;Pecuária;10 kg;0
UROCHLOA BRIZANTHA CV MG-5 VC 80 30KG;Pecuária;30 kg;0
UROCHLOA BRIZANTHA CV MG-5 VC 80 500KG;Pecuária;500 kg;0
UROCHLOA BRIZANTHA MG-5 SBS  VC50 1000KG;Pecuária;1000 kg;0
UROCHLOA BRIZANTHA MG-5 SBS  VC50 15KG;Pecuária;15 kg;0
UROCHLOA BRIZANTHA MG-5 SBS  VC50 20KG;Pecuária;20 kg;0
UROCHLOA BRIZANTHA MG-5 SBS  VC50 500KG;Pecuária;500 kg;0
MEGATHYRSUS MAXIMUS CV MIYAGUI VC 25 20KG;Pecuária;20 kg;0
MEGATHYRSUS MAXIMUS CV MIYAGUI VC 35 10KG;Pecuária;10 kg;0
MEGATHYRSUS MAXIMUS CV MIYAGUI VC 35 15KG;Pecuária;15 kg;0
MEGATHYRSUS MAXIMUS CV MIYAGUI VC 35 20KG;Pecuária;20 kg;0
MEGATHYRSUS MAXIMUS CV MIYAGUI VC 35 500KG;Pecuária;500 kg;0
MEGATHYRSUS MAXIMUS CV MIYAGUI VC 50 20KG;Pecuária;20 kg;0
MEGATHYRSUS MAXIMUS CV MIYAGUI VC 72 01KG;Pecuária;01 kg;0
MEGATHYRSUS MAXIMUS CV MIYAGUI VC 72 05KG;Pecuária;05 kg;0
MEGATHYRSUS MAXIMUS CV MIYAGUI VC 72 10KG;Pecuária;10 kg;0
MEGATHYRSUS MAXIMUS CV MIYAGUI VC 72 15KG;Pecuária;15 kg;0
MEGATHYRSUS MAXIMUS CV MIYAGUI VC 72 20KG;Pecuária;20 kg;0
MEGATHYRSUS MAXIMUS CV MIYAGUI VC 72 30KG;Pecuária;30 kg;0
MEGATHYRSUS MAXIMUS CV MIYAGUI VC 72 500KG;Pecuária;500 kg;0
MEGATHYRSUS MAXIMUS CV MIYAGUI VC 75 01KG;Pecuária;01 kg;0
MEGATHYRSUS MAXIMUS CV MIYAGUI VC 80 05 KG;Pecuária;05 kg;0
MEGATHYRSUS MAXIMUS CV MIYAGUI VC 80 10KG;Pecuária;10 kg;0
MEGATHYRSUS MAXIMUS CV MIYAGUI VC 80 500KG;Pecuária;500 kg;0
MEGATHYRSUS MAXIMUS MIYAGUI SBS  VC35 1000KG;Pecuária;1000 kg;0
MEGATHYRSUS MAXIMUS MIYAGUI SBS  VC35 10KG;Pecuária;10 kg;0
MEGATHYRSUS MAXIMUS MIYAGUI SBS  VC35 15KG;Pecuária;15 kg;0
MEGATHYRSUS MAXIMUS MIYAGUI SBS  VC35 20KG;Pecuária;20 kg;0
MEGATHYRSUS MAXIMUS MIYAGUI SBS  VC35 500KG;Pecuária;500 kg;0
MEGATHYRSUS MAXIMUS MIYAGUI SBS  VC50 1000KG;Pecuária;1000 kg;0
MEGATHYRSUS MAXIMUS MIYAGUI SBS  VC50 15KG;Pecuária;15 kg;0
MEGATHYRSUS MAXIMUS MIYAGUI SBS  VC50 20KG;Pecuária;20 kg;0
MEGATHYRSUS MAXIMUS MIYAGUI SBS  VC50 500KG;Pecuária;500 kg;0
MEGATHYRSUS MAXIMUS CV MOMBAÇA;Pecuária;—;0
MEGATHYRSUS MAXIMUS CV MOMBAÇA S1 01KG;Pecuária;01 kg;0
MEGATHYRSUS MAXIMUS CV MOMBAÇA VC 25 10KG;Pecuária;10 kg;0
MEGATHYRSUS MAXIMUS CV MOMBAÇA VC 25 15KG;Pecuária;15 kg;0
MEGATHYRSUS MAXIMUS CV MOMBAÇA VC 25 20KG;Pecuária;20 kg;0
MEGATHYRSUS MAXIMUS CV MOMBAÇA VC 35 05KG;Pecuária;05 kg;0
MEGATHYRSUS MAXIMUS CV MOMBAÇA VC 35 10KG;Pecuária;10 kg;0
MEGATHYRSUS MAXIMUS CV MOMBAÇA VC 35 12KG;Pecuária;12 kg;0
MEGATHYRSUS MAXIMUS CV MOMBAÇA VC 35 15KG;Pecuária;15 kg;0
MEGATHYRSUS MAXIMUS CV MOMBAÇA VC 35 20KG;Pecuária;20 kg;0
MEGATHYRSUS MAXIMUS CV MOMBAÇA VC 36 20KG;Pecuária;20 kg;0
MEGATHYRSUS MAXIMUS CV MOMBAÇA VC 50 10KG;Pecuária;10 kg;0
MEGATHYRSUS MAXIMUS CV MOMBAÇA VC 50 15 KG;Pecuária;15 kg;0
MEGATHYRSUS MAXIMUS CV MOMBAÇA VC 50 20KG;Pecuária;20 kg;0
MEGATHYRSUS MAXIMUS CV MOMBAÇA VC 72 01KG;Pecuária;01 kg;0
MEGATHYRSUS MAXIMUS CV MOMBAÇA VC 72 02KG;Pecuária;02 kg;0
MEGATHYRSUS MAXIMUS CV MOMBAÇA VC 72 05KG;Pecuária;05 kg;0
MEGATHYRSUS MAXIMUS CV MOMBAÇA VC 72 10KG;Pecuária;10 kg;0
MEGATHYRSUS MAXIMUS CV MOMBAÇA VC 72 30KG;Pecuária;30 kg;0
MEGATHYRSUS MAXIMUS CV MOMBAÇA VC 75 01KG;Pecuária;01 kg;0
MEGATHYRSUS MAXIMUS CV MOMBAÇA VC 80 05KG;Pecuária;05 kg;0
MEGATHYRSUS MAXIMUS CV MOMBAÇA VC 80 10KG;Pecuária;10 kg;0
MEGATHYRSUS MAXIMUS CV MOMBAÇA VC 80 20KG;Pecuária;20 kg;0
MEGATHYRSUS MAXIMUS CV MOMBAÇA VC 80 2KG;Pecuária;2 kg;0
MEGATHYRSUS MAXIMUS MOMBAÇA SBS  VC35 1000KG;Pecuária;1000 kg;0
MEGATHYRSUS MAXIMUS MOMBAÇA SBS  VC35 10KG;Pecuária;10 kg;0
MEGATHYRSUS MAXIMUS MOMBAÇA SBS  VC35 15KG;Pecuária;15 kg;0
MEGATHYRSUS MAXIMUS MOMBAÇA SBS  VC35 20KG;Pecuária;20 kg;0
MEGATHYRSUS MAXIMUS MOMBAÇA SBS  VC35 500KG;Pecuária;500 kg;0
MEGATHYRSUS MAXIMUS MOMBAÇA SBS  VC50 1000KG;Pecuária;1000 kg;0
MEGATHYRSUS MAXIMUS MOMBAÇA SBS  VC50 15KG;Pecuária;15 kg;0
MEGATHYRSUS MAXIMUS MOMBAÇA SBS  VC50 20KG;Pecuária;20 kg;0
MEGATHYRSUS MAXIMUS MOMBAÇA SBS  VC50 500KG;Pecuária;500 kg;0
MEGATHYRSUS MAXIMUS CV MOMBAÇA VC 75 30KG;Pecuária;30 kg;0
MEGATHYRSUS MAXIMUS CV MOMBACA VC 75 30KG;Pecuária;30 kg;0
MEGATHYRSUS MAXIMUS CV MOMBACA;Pecuária;—;0
MEGATHYRSUS MAXIMUS CV MOMBACA S1 01KG;Pecuária;01 kg;0
MEGATHYRSUS MAXIMUS CV MOMBACA VC 25 10KG;Pecuária;10 kg;0
MEGATHYRSUS MAXIMUS CV MOMBACA VC 25 15KG;Pecuária;15 kg;0
MEGATHYRSUS MAXIMUS CV MOMBACA VC 25 20KG;Pecuária;20 kg;0
MEGATHYRSUS MAXIMUS CV MOMBACA VC 35 05KG;Pecuária;05 kg;0
MEGATHYRSUS MAXIMUS CV MOMBACA VC 35 10KG;Pecuária;10 kg;0
MEGATHYRSUS MAXIMUS CV MOMBACA VC 35 12KG;Pecuária;12 kg;0
MEGATHYRSUS MAXIMUS CV MOMBACA VC 35 15KG;Pecuária;15 kg;0
MEGATHYRSUS MAXIMUS CV MOMBACA VC 35 20KG;Pecuária;20 kg;0
MEGATHYRSUS MAXIMUS CV MOMBACA VC 36 20KG;Pecuária;20 kg;0
MEGATHYRSUS MAXIMUS CV MOMBACA VC 50 10KG;Pecuária;10 kg;0
MEGATHYRSUS MAXIMUS CV MOMBACA VC 50 15 KG;Pecuária;15 kg;0
MEGATHYRSUS MAXIMUS CV MOMBACA VC 50 20KG;Pecuária;20 kg;0
MEGATHYRSUS MAXIMUS CV MOMBACA VC 72 01KG;Pecuária;01 kg;0
MEGATHYRSUS MAXIMUS CV MOMBACA VC 72 02KG;Pecuária;02 kg;0
MEGATHYRSUS MAXIMUS CV MOMBACA VC 72 05KG;Pecuária;05 kg;0
MEGATHYRSUS MAXIMUS CV MOMBACA VC 72 10KG;Pecuária;10 kg;0
MEGATHYRSUS MAXIMUS CV MOMBACA VC 72 30KG;Pecuária;30 kg;0
MEGATHYRSUS MAXIMUS CV MOMBACA VC 75 01KG;Pecuária;01 kg;0
MEGATHYRSUS MAXIMUS CV MOMBACA VC 80 05KG;Pecuária;05 kg;0
MEGATHYRSUS MAXIMUS CV MOMBACA VC 80 10KG;Pecuária;10 kg;0
MEGATHYRSUS MAXIMUS CV MOMBACA VC 80 20KG;Pecuária;20 kg;0
MEGATHYRSUS MAXIMUS CV MOMBACA VC 80 2KG;Pecuária;2 kg;0
MEGATHYRSUS MAXIMUS MOMBACA SBS  VC35 1000KG;Pecuária;1000 kg;0
MEGATHYRSUS MAXIMUS MOMBACA SBS  VC35 10KG;Pecuária;10 kg;0
MEGATHYRSUS MAXIMUS MOMBACA SBS  VC35 15KG;Pecuária;15 kg;0
MEGATHYRSUS MAXIMUS MOMBACA SBS  VC35 20KG;Pecuária;20 kg;0
MEGATHYRSUS MAXIMUS MOMBACA SBS  VC35 500KG;Pecuária;500 kg;0
MEGATHYRSUS MAXIMUS MOMBACA SBS  VC50 1000KG;Pecuária;1000 kg;0
MEGATHYRSUS MAXIMUS MOMBACA SBS  VC50 15KG;Pecuária;15 kg;0
MEGATHYRSUS MAXIMUS MOMBACA SBS  VC50 20KG;Pecuária;20 kg;0
MEGATHYRSUS MAXIMUS MOMBACA SBS  VC50 500KG;Pecuária;500 kg;0
MEGATHYRSUS MAXIMUS MOMBACA SBS VC50 20KG;Pecuária;20 kg;0
MEGATHYRSUS MAXIMUS BRS QUENIA SBS  VC35 1000KG;Pecuária;1000 kg;0
MEGATHYRSUS MAXIMUS BRS QUENIA SBS  VC35 10KG;Pecuária;10 kg;0
MEGATHYRSUS MAXIMUS BRS QUENIA SBS  VC35 15KG;Pecuária;15 kg;0
MEGATHYRSUS MAXIMUS BRS QUENIA SBS  VC35 20KG;Pecuária;20 kg;0
MEGATHYRSUS MAXIMUS BRS QUENIA SBS  VC35 500KG;Pecuária;500 kg;0
MEGATHYRSUS MAXIMUS BRS QUENIA SBS  VC50 1000KG;Pecuária;1000 kg;0
MEGATHYRSUS MAXIMUS BRS QUENIA SBS  VC50 15KG;Pecuária;15 kg;0
MEGATHYRSUS MAXIMUS BRS QUENIA SBS  VC50 20KG;Pecuária;20 kg;0
MEGATHYRSUS MAXIMUS BRS QUENIA SBS  VC50 500KG;Pecuária;500 kg;0
MEGATHYRSUS MAXIMUS CV BRS QUENIA VC 35 10KG;Pecuária;10 kg;0
MEGATHYRSUS MAXIMUS CV BRS QUENIA VC 80 05KG;Pecuária;05 kg;0
UROCHLOA RUZIZIENSIS CV RUZIZIENSIS;Agricultura;—;0
UROCHLOA RUZIZIENSIS CV RUZIZIENSIS VC 50 10KG;Agricultura;10 kg;0
UROCHLOA RUZIZIENSIS CV RUZIZIENSIS VC 50 12KG;Agricultura;12 kg;0
UROCHLOA RUZIZIENSIS CV RUZIZIENSIS VC 50 15KG;Agricultura;15 kg;0
UROCHLOA RUZIZIENSIS CV RUZIZIENSIS VC 50 20KG;Agricultura;20 kg;0
UROCHLOA RUZIZIENSIS CV RUZIZIENSIS VC 50 500KG;Agricultura;500 kg;0
UROCHLOA RUZIZIENSIS CV RUZIZIENSIS VC 80 - TRATADA - 10KG;Agricultura;10 kg;0
UROCHLOA RUZIZIENSIS CV RUZIZIENSIS VC 80 02KG;Agricultura;02 kg;0
UROCHLOA RUZIZIENSIS CV RUZIZIENSIS VC 80 05KG;Agricultura;05 kg;0
UROCHLOA RUZIZIENSIS CV RUZIZIENSIS VC 80 10KG;Agricultura;10 kg;0
UROCHLOA RUZIZIENSIS CV RUZIZIENSIS VC 80 15KG;Agricultura;15 kg;0
UROCHLOA RUZIZIENSIS CV RUZIZIENSIS VC 80 20KG;Agricultura;20 kg;0
UROCHLOA RUZIZIENSIS CV RUZIZIENSIS VC 80 25KG;Agricultura;25 kg;0
UROCHLOA RUZIZIENSIS CV RUZIZIENSIS VC 80 30KG;Agricultura;30 kg;0
UROCHLOA RUZIZIENSIS CV RUZIZIENSIS VC 80 500KG;Agricultura;500 kg;0
UROCHLOA RUZIZIENSIS RUZIZIENSIS SBS  VC50 1000KG;Agricultura;1000 kg;0
UROCHLOA RUZIZIENSIS RUZIZIENSIS SBS  VC50 15KG;Agricultura;15 kg;0
UROCHLOA RUZIZIENSIS RUZIZIENSIS SBS  VC50 20KG;Agricultura;20 kg;0
UROCHLOA RUZIZIENSIS RUZIZIENSIS SBS  VC50 500KG;Agricultura;500 kg;0
MEGATHYRSUS MAXIMUS CV TANZANIA-1 VC 35 10KG;Pecuária;10 kg;0
MEGATHYRSUS MAXIMUS CV TANZANIA-1 VC 35 15KG;Pecuária;15 kg;0
MEGATHYRSUS MAXIMUS CV TANZANIA-1 VC 35 20KG;Pecuária;20 kg;0
MEGATHYRSUS MAXIMUS CV TANZANIA-1 VC 72 10KG;Pecuária;10 kg;0
MEGATHYRSUS MAXIMUS TANZANIA-1 SBS  VC35 1000KG;Pecuária;1000 kg;0
MEGATHYRSUS MAXIMUS TANZANIA-1 SBS  VC35 10KG;Pecuária;10 kg;0
MEGATHYRSUS MAXIMUS TANZANIA-1 SBS  VC35 15KG;Pecuária;15 kg;0
MEGATHYRSUS MAXIMUS TANZANIA-1 SBS  VC35 20KG;Pecuária;20 kg;0
MEGATHYRSUS MAXIMUS TANZANIA-1 SBS  VC35 500KG;Pecuária;500 kg;0
MEGATHYRSUS MAXIMUS TANZANIA-1 SBS  VC50 1000KG;Pecuária;1000 kg;0
MEGATHYRSUS MAXIMUS TANZANIA-1 SBS  VC50 15KG;Pecuária;15 kg;0
MEGATHYRSUS MAXIMUS TANZANIA-1 SBS  VC50 20KG;Pecuária;20 kg;0
MEGATHYRSUS MAXIMUS TANZANIA-1 SBS  VC50 500KG;Pecuária;500 kg;0
